"cell_id","X","Y","cluster","Pseudotime","paper_state","Zone","SOX2","EOMES","MYT1L"
"SRR2967100",-68.2712444359991,-32.1246294488217,"4",29.7767009059579,"AP1","VZ",3.05553407163694,0,0
"SRR2967103",-68.4854842870239,28.2733017512535,"3",119.016965718942,"BP2","oSVZ",1.00465958563459,0,0
"SRR2967104",-104.765757507312,8.13181553626195,"3",95.2745910914051,"BP1","iSVZ",3.20843141970615,0,0
"SRR2967111",-95.5219892984922,8.41690499270016,"3",91.0217578102409,"BP1","iSVZ",4.28326248483757,0,0.29313972872319
"SRR2967113",-38.783541493031,37.229300406394,"3",149.711185906765,"N2","CP",0,0,0
"SRR2967114",-86.9120200042215,32.5773412396685,"3",108.727465708777,"BP2","iSVZ",4.4394236728416,1.38707022209029,0
"SRR2967115",-76.191785605392,12.0291754796782,"3",107.387586795196,"BP2","iSVZ",4.92547729627676,0,0
"SRR2967116",-89.0748903055224,-11.9566703173845,"3",112.38456757245,"BP2","iSVZ",4.46783375497769,0,0
"SRR2967119",-87.0188738522685,1.72463387161669,"3",101.375808252936,"BP1","iSVZ",1.00494716556465,0,0.716086595299354
"SRR2967120",-149.014118340918,24.0443312054005,"3",139.451735224796,"N1","CP",2.87611809369183,0,0
"SRR2967121",-8.24860806510876,-26.3282841631067,"1",37.7221514550339,"AP1","VZ",0,0,0.41269482556661
"SRR2967122",-123.563827057048,6.96414310115785,"3",113.408093852677,"BP2","iSVZ",2.89947148799919,0,0.195845210783651
"SRR2967123",-122.428436593456,-0.477284380675288,"3",114.897774850517,"BP2","iSVZ",0.258569576437978,0,0.042734818163002
"SRR2967124",-96.9864164501233,0.657234320070571,"3",98.4780478534096,"BP1","iSVZ",2.1195719840917,0,0
"SRR2967125",-5.94349879741103,3.53850858549328,"1",64.7995574151207,"AP2","iSVZ",5.62385808488505,8.05495155396071,0.425235846977779
"SRR2967127",-88.0960480106766,32.5424317958937,"3",108.177061254298,"BP2","iSVZ",2.27919491358272,2.52929373565811,3.92558173585055
"SRR2967128",-86.4963910068672,-11.5505452593333,"3",112.927544439008,"BP2","iSVZ",2.09230893746096,0,0
"SRR2967129",-102.926425288892,-4.15466883659823,"3",104.240969593182,"BP1","iSVZ",4.74913197319041,0.186994893915039,0
"SRR2967132",-62.7794846198195,3.14307918164256,"3",122.101748841719,"BP2","oSVZ",4.55722626442917,0,0.247199604090595
"SRR2967133",-38.4779216204816,-16.1045274965935,"1",69.6093860716825,"BP1","iSVZ",1.57807887627211,0,0
"SRR2967135",-109.32756671141,27.312606630081,"3",105.368661467032,"BP1","iSVZ",3.73159600188456,0,0
"SRR2967136",-81.0328844784666,-4.16435337601146,"3",109.766556950982,"BP2","iSVZ",5.47303030473558,0,0.163221759774586
"SRR2967137",-108.476396442365,6.09243452989553,"3",99.506071927899,"BP1","iSVZ",4.45079555581761,0,0.262730205560434
"SRR2967138",-27.6541604925994,-16.0484468469195,"1",59.5601177444215,"AP2","VZ",5.89349812448656,0,0
"SRR2967139",-66.45059024909,-11.1271707799224,"3",125.298219238199,"BP2","oSVZ",5.25929132105357,0,0
"SRR2967141",-132.115840303923,25.4072116080988,"3",123.560415873071,"BP2","oSVZ",4.76798312758651,0,0
"SRR2967145",-95.2056253809571,34.7744110736388,"3",108.515144582582,"BP2","iSVZ",0.535562300519628,0,6.62574098376052
"SRR2967146",-72.2845229165588,23.7589647478934,"5",66.2000874887356,"BP1","iSVZ",2.0164036078934,0,0.221853577172156
"SRR2967148",-40.9815275633176,4.13461484579268,"3",143.240958766033,"N2","CP",0,0,0
"SRR2967152",-76.3723639063081,29.7480160887372,"3",113.262776294944,"BP2","iSVZ",2.22938488527137,0,0
"SRR2967154",-101.427374752659,25.8969385203469,"3",100.220415676087,"BP1","iSVZ",4.75670308634617,0,0
"SRR2967155",-135.090223505741,16.3549103187169,"3",124.481617189017,"BP2","oSVZ",5.81416842271304,0,0
"SRR2967161",-138.163637439646,14.8143886849634,"3",127.435574375051,"N1","oSVZ",2.07325812383164,0,0
"SRR2967163",6.9385462842146,-25.2369028974447,"1",46.0807988182852,"AP2","VZ",1.50730752949433,0,0
"SRR2967165",-92.7310393653806,9.92423473120569,"3",91.6536372371873,"BP1","iSVZ",0,0,0.271756728849581
"SRR2967166",-113.841865249894,11.8239152759621,"3",103.086545192038,"BP1","iSVZ",0,0,0
"SRR2967167",-23.336983245502,-14.7481589114058,"1",56.4419189860961,"AP2","VZ",2.03280967072664,0,0
"SRR2967168",-11.6910783941468,-42.7744115514067,"4",28.5834255190873,"AP1","VZ",2.91356538872521,0,0.193174990700651
"SRR2967170",-97.317156005824,-3.22165533925487,"3",102.356125688887,"BP1","iSVZ",4.70096121362199,0,0
"SRR2967172",-120.313739323511,4.34735252609261,"3",111.008350597207,"BP2","iSVZ",1.7458267694061,0,0
"SRR2967173",-86.4770189274769,-15.623789554387,"3",116.707626586168,"BP2","oSVZ",4.36321313758603,0,0
"SRR2967176",-133.982142214375,20.3190549264884,"3",123.97374862867,"BP2","oSVZ",3.57908357896209,0,0
"SRR2967180",-125.992070444871,16.9310146947957,"3",115.514666602374,"BP2","iSVZ",1.99547728277138,0,0
"SRR2967190",-99.5066348098311,4.10916892722295,"3",95.3343305760607,"BP1","iSVZ",3.79704411480318,0,0
"SRR2967193",-46.4959051464777,-21.181659137084,"4",14.1599352423542,"AP1","VZ",4.53773092253307,0,0
"SRR2967195",-86.3218229767579,17.2571519726107,"3",98.1479293357163,"BP1","iSVZ",4.01489977188754,0,0.0369521258281847
"SRR2967196",-58.7810732719913,-5.6674093335735,"3",128.971080883993,"N1","oSVZ",1.23363654804492,0,0
"SRR2967197",-119.840383499629,10.4846441874911,"3",109.171856063428,"BP2","iSVZ",3.08483984512123,0,0.472203883536159
"SRR2967201",-19.6299223457938,-17.0003102539235,"1",52.1085547126359,"AP2","VZ",3.50359043631107,0,0
"SRR2967202",-86.6156620009542,36.7584428234695,"3",112.629687910045,"BP2","iSVZ",1.96765926178782,2.79545319397991,0.133532488394518
"SRR2967204",-114.034011634055,5.06163538122873,"3",104.919790191789,"BP1","iSVZ",3.38656679864246,0,0
"SRR2967215",-70.651701505929,47.3905710279972,"3",130.028956207498,"N1","oSVZ",0,0,2.87600608068978
"SRR2967216",-76.6299722310908,-9.51221343094182,"3",116.679264474245,"BP2","oSVZ",0,0,0.203222459799448
"SRR2967222",-48.3962328735211,13.6069405053578,"5",67.6103151969567,"BP1","iSVZ",0.906020099391793,0,0.00893483080041262
"SRR2967223",-90.7269880515601,-6.07477972150584,"3",106.282463603705,"BP1","iSVZ",2.45524961684315,0,0
"SRR2967224",-96.0651655288956,17.5246918222172,"3",91.3044813675941,"BP1","iSVZ",0.401727662295171,0,0
"SRR2967227",-81.7574170079696,49.7151960353998,"3",126.453398950793,"BP2","oSVZ",3.04173886723293,0,4.2729637704532
"SRR2967228",-59.9502157410749,-12.205679369251,"3",131.203132267984,"N1","oSVZ",1.54290680705426,0,0.340954150324367
"SRR2967232",-124.180185701767,11.7967260269317,"3",113.416170217472,"BP2","iSVZ",4.01512285962977,0.86711996655452,0.532962224649056
"SRR2967235",-24.0485727638765,19.9852118056245,"1",85.0115144041037,"BP1","iSVZ",0,0,5.25121538672977
"SRR2967238",-115.111547931527,4.13575396688653,"3",106.28811110695,"BP1","iSVZ",3.95299511588319,0,0
"SRR2967240",-129.175718660624,20.602141223453,"3",119.346749587016,"BP2","oSVZ",3.09844145540845,0,0
"SRR2967241",-97.8906231208578,40.6892204769056,"3",114.351403914721,"BP2","iSVZ",3.95841583415186,0,0.197379799365687
"SRR2967242",-126.073127611145,1.12537398315925,"3",117.539422381299,"BP2","oSVZ",4.01294404716608,0,0
"SRR2967243",-124.853512895771,15.9031454093186,"3",114.253118668853,"BP2","iSVZ",3.53686108053547,0,0
"SRR2967246",-79.2803934446798,-10.336187411309,"3",115.594568257395,"BP2","iSVZ",0.632706542043761,0,0.275899811367671
"SRR2967247",-68.1595381424938,70.1851231207813,"3",150.749670842103,"N2","CP",0.45800185538254,0,7.24989089968753
"SRR2967250",-116.318890820921,9.51332643135569,"3",105.808467667157,"BP1","iSVZ",3.82910874563922,0,0
"SRR2967251",-94.8978475200559,10.0623374135475,"3",89.9080330717899,"BP1","iSVZ",2.70339975311323,0,0.145562687093071
"SRR2967254",-102.313826595569,-2.38120249518688,"3",102.364701178154,"BP1","iSVZ",3.04023842429009,0,0
"SRR2967257",-94.8661886025302,-10.3696867550814,"3",109.618450384638,"BP2","iSVZ",3.59824608753958,0,0.244867579565314
"SRR2967258",-114.55768279632,22.9706676549102,"3",106.564024013537,"BP2","iSVZ",0,0,0
"SRR2967260",-115.12304566239,9.17472404750398,"3",104.693292319628,"BP1","iSVZ",2.28018429514379,0,0.993980800014438
"SRR2967261",-86.3964463810593,5.07198782812533,"3",99.6205997493999,"BP1","iSVZ",3.136914849666,0,0.177581070923152
"SRR2967269",-73.661447101735,-17.6273705189772,"3",124.799639701804,"BP2","oSVZ",2.97630314026322,0,0
"SRR2967270",-78.8306184229374,-10.1978474689802,"3",115.764149877661,"BP2","oSVZ",0,0,0
"SRR2967271",-17.4254046592563,-10.9215399834443,"1",54.6739137247603,"AP2","VZ",0,0,0
"SRR2967273",-132.463689021723,7.39269711152448,"3",122.086080435915,"BP2","oSVZ",3.9327982092834,0,0
"SRR2967274",3.79317328194722,24.6118607534686,"2",155.393868356621,"N2","CP",0,6.39687873879685,5.26265865507222
"SRR2967275",-135.060142459312,30.3361805219328,"3",128.166339915747,"N1","oSVZ",4.36357060205314,0,0.0430177089906451
"SRR2967276",-100.42656955955,-0.927501938616204,"3",100.443029975762,"BP1","iSVZ",3.34666761242992,0,0
"SRR2967279",-84.9530458317738,-17.0769696872523,"4",49.0608097897358,"AP2","VZ",3.08299035036296,0,0
"SRR2967280",-42.8095724013962,-6.44094368762162,"5",81.2536899799173,"BP1","iSVZ",0,0,0
"SRR2967281",-60.326076568884,-29.9383180888564,"4",22.0183143337343,"AP1","VZ",4.56409765113484,0,0
"SRR2967283",-83.5112058696043,-8.28974763299274,"4",51.2823272242009,"AP2","VZ",2.30762378585216,0,3.44154456441967
"SRR2967284",-101.7738369931,-2.04569090884137,"5",94.0053954362792,"BP1","iSVZ",0,0,0.327732196233716
"SRR2967286",-113.853967975771,-0.879669369994605,"3",107.927827430448,"BP2","iSVZ",3.70353264588842,0,0
"SRR2967287",-66.1889000504516,18.7645878018481,"5",58.588986080254,"AP2","VZ",0,0,0
"SRR2967289",-41.5913538050818,7.43370115002147,"5",75.236264394219,"BP1","iSVZ",0,0,0
"SRR2967290",-33.1135310518268,-2.51887447268933,"5",86.8568947174532,"BP1","iSVZ",0,0,0
"SRR2967292",33.9552156590139,19.0155146890333,"2",130.378659463607,"N1","oSVZ",0,0,6.34569619599333
"SRR2967293",-76.8058543361326,-11.7134075218936,"5",81.1445549419564,"BP1","iSVZ",0,0,0
"SRR2967294",-93.8613835829858,4.69653738183227,"5",84.3127022260359,"BP1","iSVZ",1.05575096411845,0,0
"SRR2967295",-37.1217786894954,-31.5640940803656,"4",1.90189361464661,"AP1","VZ",0,0,0
"SRR2967298",-75.6636397837215,18.7041363209519,"5",65.9428578681636,"BP1","iSVZ",0,0,0.139728803207072
"SRR2967300",-78.5608192562074,25.0810167085689,"5",71.7035632124006,"BP1","iSVZ",0,0,0.658503077657282
"SRR2967301",60.5520681953354,-43.7233781353424,"6",200.680689680936,"N3","CP",1.30103153120334,0,4.55426344120586
"SRR2967304",-79.3514399805338,32.5579937406607,"5",77.4816547874996,"BP1","iSVZ",4.00630700143959,0,0
"SRR2967305",-49.1265481452556,12.7919083472298,"4",46.8818299144033,"AP2","VZ",0.989054696277637,0,5.78933540342196
"SRR2967306",-65.537609123158,-15.0244298120032,"5",81.1893398621059,"BP1","iSVZ",0,0,0
"SRR2967308",-19.0760039299331,-40.4756569611283,"4",20.8633541572471,"AP1","VZ",1.48269858601362,0,0
"SRR2967309",-24.2997563137554,-2.09907246370531,"1",65.8583718008326,"BP1","iSVZ",2.90759445905976,0,6.87781785496118
"SRR2967310",26.0606152423133,-27.4575834308255,"1",65.0686357143331,"AP2","iSVZ",0,0,0
"SRR2967312",-83.5903764645173,28.9415730916822,"5",78.043932354179,"BP1","iSVZ",0,0,0
"SRR2967313",-74.7441959524098,28.9041940325575,"3",114.040468771965,"BP2","iSVZ",3.40294723935938,3.55812066272863,6.92231679921813
"SRR2967314",-22.0202297474099,-33.2293810432843,"4",16.4875634766322,"AP1","VZ",0,0,0
"SRR2967316",-59.9951094052635,14.0382690724164,"5",56.0570299775999,"AP2","VZ",0,0,0
"SRR2967318",-60.5530743546184,17.492148829416,"5",57.5300560656729,"AP2","VZ",0,0,0.151045691949724
"SRR2967319",52.5892478014864,15.4896719499578,"2",130.377430419099,"N1","oSVZ",0,0,9.63151904123023
"SRR2967321",-47.1214278643256,4.97242005969882,"5",70.9720558928299,"BP1","iSVZ",0,0,0
"SRR2967322",21.6039585589023,-39.7626962141019,"1",63.5158536372705,"AP2","iSVZ",0,0,0
"SRR2967323",-15.9394686061279,-33.753936555766,"1",47.2100163638399,"AP2","VZ",2.58144043357911,0,0
"SRR2967326",-9.1322932963505,-19.6750250925857,"5",116.198588882381,"BP2","oSVZ",0,0,0
"SRR2967327",-37.0982493563389,0.346506998636617,"5",82.0029243798447,"BP1","iSVZ",0,0,0
"SRR2967328",-55.7203548873698,-26.5650105709504,"4",18.3348631705736,"AP1","VZ",0,0,0
"SRR2967330",-16.2265602197644,0.88963143639894,"5",101.429711070009,"BP1","iSVZ",0,0,0
"SRR2967331",-35.7461968033206,2.2704542746258,"5",82.4439933243224,"BP1","iSVZ",1.37157001383488,0,0
"SRR2967332",-50.0216399906222,-32.2857976576436,"4",11.5325878504782,"AP1","VZ",2.14132814923484,0,1.05981210486304
"SRR2967333",22.0107545030389,-44.1727649659119,"1",66.0242296216746,"BP1","iSVZ",4.02175509242428,0,0
"SRR2967334",-82.2156757191484,0.568096732555346,"5",75.4285803962622,"BP1","iSVZ",1.49110911508806,0,0
"SRR2967335",-54.9761124648473,14.6833843340586,"5",61.1159895968843,"AP2","iSVZ",0,0,1.00779829278709
"SRR2967337",-58.056103851966,0.392765017959627,"4",38.5842047913662,"AP1","VZ",0.268475116647451,5.64528086879952,1.50023097946419
"SRR2967338",-44.9559592204453,-37.0703699723084,"4",7.69852169908341,"AP1","VZ",6.00474856179968,0,0
"SRR2967339",-32.7092614220409,-36.9963445483216,"4",7.11332839060675,"AP1","VZ",0.852106735476696,0,0.109671733385434
"SRR2967340",-128.790595601225,38.3731959395306,"5",122.581339723879,"BP2","oSVZ",1.77155179786215,0,0
"SRR2967341",-45.5151519871348,10.0632905423036,"5",70.813545467148,"BP1","iSVZ",0,0.321124578568887,0
"SRR2967342",-0.425745774204946,-57.7498672947683,"4",45.4854121283493,"AP2","VZ",0,0,0
"SRR2967343",-38.0870065759379,8.75079984235485,"5",78.3562532287154,"BP1","iSVZ",0.453758820324052,0,0
"SRR2967344",-92.8415760567996,20.1194537751607,"5",82.7932589832166,"BP1","iSVZ",0,0,0
"SRR2967346",-42.6074637986049,79.1826896120673,"5",121.52603908003,"BP2","oSVZ",0,0,8.59559316974456
"SRR2967347",11.7586756937329,-41.9356531789864,"1",56.4797369374933,"AP2","VZ",2.28476581301107,0,0
"SRR2967348",-78.2176891549238,24.8246776960126,"5",71.275284549548,"BP1","iSVZ",3.79160572470455,0,0
"SRR2967349",-77.5668756946278,-1.28543600039031,"5",73.0703116685648,"BP1","iSVZ",2.60518850508661,0,0
"SRR2967350",-66.0230931857345,53.4368166402568,"3",137.643488416699,"N1","CP",2.54753866838855,0,8.37439615884164
"SRR2967351",-72.2354560760352,27.5578787617916,"5",69.234489260141,"BP1","iSVZ",1.23767384350691,0,0
"SRR2967353",38.3415876519488,18.1726079875062,"2",128.491279114211,"N1","oSVZ",0,0,7.71171514862302
"SRR2967355",5.40195473486212,47.467428563579,"2",155.834687266145,"N2","CP",2.52256301442467,0.278693724608166,7.8649722920979
"SRR2967358",-60.2003899205099,-16.749130025863,"4",27.0303549287254,"AP1","VZ",3.52845879927186,0,0.934573113753575
"SRR2967359",31.6755483995997,9.46805221734155,"2",139.38185570902,"N1","CP",0,1.97905220437771,5.38071559767822
"SRR2967361",-126.743917928164,35.1583832276285,"5",119.563427923836,"BP2","oSVZ",1.30212014567622,0,0
"SRR2967364",-46.8681103829253,-26.2226947714857,"4",10.6843297285441,"AP1","VZ",2.91762270172628,0,0
"SRR2967366",-34.990511565165,-40.4909698293128,"4",8.39129238514552,"AP1","VZ",4.3739404788422,0,0
"SRR2967367",-44.8696143825745,-21.1906612729463,"4",13.3020124177079,"AP1","VZ",4.19284118097094,0,0
"SRR2967368",-93.7651337117114,0.814907216628192,"5",85.5102566474418,"BP1","iSVZ",0,0,0.20006862915694
"SRR2967369",-47.0394324648613,11.4522582422063,"5",69.0912436645135,"BP1","iSVZ",3.56429279946886,0,0.250173331534433
"SRR2967370",-60.5190637174787,23.3712040011364,"5",62.9141029819404,"AP2","iSVZ",1.71404325138311,0.495852724967485,0.284127941507471
"SRR2967373",-60.3113530507453,4.2526484333807,"5",62.3345457310446,"AP2","iSVZ",5.21740910296548,1.37941579867321,0
"SRR2967375",-9.91548488224731,-24.6910347980709,"1",39.8292324255907,"AP1","VZ",4.1179443347893,0,0
"SRR2967376",27.3718950295683,33.0205490825214,"2",131.140032309842,"N1","oSVZ",0,0,7.00922398607117
"SRR2967377",25.6347466153771,47.5050535824967,"2",137.899484775022,"N1","CP",0,0,7.04643649099447
"SRR2967378",-74.3612389058617,46.1005169706569,"5",87.0263727823759,"BP1","iSVZ",1.23717209399553,0,0
"SRR2967380",1.91469074101001,-8.64575541338835,"1",53.7820782907645,"AP2","VZ",5.32896926991138,0,1.64379155558908
"SRR2967381",-10.9053626686447,-1.35379855647508,"1",60.6012488030232,"AP2","VZ",2.88922041593323,0,0
"SRR2967382",3.36867333702164,-30.2724924387875,"1",42.9913509509939,"AP1","VZ",3.47303355282339,0,0.124072662711656
"SRR2967384",-1.06510306728609,-11.8075687926655,"1",49.8839063845962,"AP2","VZ",1.64081987482691,0,0
"SRR2967385",-9.41352152034233,-28.7386166175388,"1",39.1192075179243,"AP1","VZ",3.09441175034817,0,0.0486620945350443
"SRR2967386",24.2814893945952,-51.3863717448854,"1",72.1343313017213,"BP1","iSVZ",0,0.477943567001424,0
"SRR2967387",-5.15632931933842,3.78312774648824,"1",65.0249067897229,"AP2","iSVZ",4.25125705328603,0,2.29035067472048
"SRR2967389",37.1655732734062,39.8648118516521,"2",124.110986531367,"BP2","oSVZ",0,0,7.62993212602535
"SRR2967390",-83.3432005793648,1.30824646971377,"3",104.337296778221,"BP1","iSVZ",3.31379002544369,0,0
"SRR2967391",11.0855277523909,23.6393487565895,"2",148.462559173472,"N2","CP",0.379544445070558,0,9.77855028220223
"SRR2967392",18.2559094117601,-34.1143689472078,"1",58.322961083914,"AP2","VZ",3.68528983630269,0,0
"SRR2967393",25.3885781970978,6.82337272203559,"2",145.211229387539,"N2","CP",0,5.46482180653879,4.02360134467431
"SRR2967395",0.23874166692687,50.3195198874465,"2",161.676671476861,"N2","CP",2.07625807472156,0,6.28093033914948
"SRR2967396",-43.7723440221156,-39.363530048545,"4",8.36150085152156,"AP1","VZ",3.19492071163873,0,0
"SRR2967398",30.2960880818608,8.90105663686708,"2",140.611911670119,"N2","CP",2.27460756836389,0,4.2271403411921
"SRR2967399",13.2818393379564,-15.7978987732899,"1",55.4946983591845,"AP2","VZ",0.857906968048349,0,0
"SRR2967402",20.1726549279666,21.2492402658794,"2",140.573624139007,"N1","CP",0,0,8.17976978859633
"SRR2967406",-62.5083867859795,7.57850473299972,"3",121.441147671945,"BP2","oSVZ",4.48493725829624,0,0
"SRR2967407",114.964561967051,-55.0661850541808,"6",225.507583449024,"N3","CP",0,0,4.84354172490545
"SRR2967409",37.4365794418604,43.391759734254,"2",126.478100222779,"BP2","oSVZ",0,0,0.45143322030669
"SRR2967410",-60.7665318411476,24.6947753516091,"5",64.131903564038,"AP2","iSVZ",2.17181209422324,0,0
"SRR2967412",-13.5927508104061,23.3876630239938,"1",85.3879770964577,"BP1","iSVZ",1.1194624245457,0,3.78161150741224
"SRR2967413",4.78454808895055,-27.1287880996946,"1",43.7901398516699,"AP1","VZ",0.297986074206356,0,0
"SRR2967415",-114.779843910994,23.3720267117544,"3",106.960376730173,"BP2","iSVZ",4.06570154867168,0.412416267289756,0
"SRR2967416",34.8066314302357,25.4539882228588,"2",125.592598866084,"BP2","oSVZ",0,0,4.06530518494014
"SRR2967417",31.7053180639484,23.548618221004,"2",129.23237346079,"N1","oSVZ",0,0,7.49329507050358
"SRR2967418",10.6915505485488,30.7120384444832,"2",147.840707439108,"N2","CP",0,0,1.86465961766763
"SRR2967419",-14.8621317229168,28.6764289197697,"1",90.8172051468883,"BP1","iSVZ",0,0.819471996327726,0
"SRR2967420",18.222347412266,33.420215474159,"2",140.298246800094,"N1","CP",0,0.282682952025103,6.52436148932734
"SRR2967422",66.9102008190628,-13.5750976136831,"6",186.209142288409,"N2","CP",0,0,6.07967677482759
"SRR2967423",-59.3690148581247,15.5109935503146,"5",57.1218426842205,"AP2","VZ",0,0,0
"SRR2967426",3.98306149524213,-36.0322691848013,"1",46.7771185092345,"AP2","VZ",2.30623890439896,0.580692543290803,0.831796188631698
"SRR2967427",-18.9652111020371,1.91441161777007,"1",66.4330154165931,"BP1","iSVZ",0,0,0.94097480931168
"SRR2967430",-53.3334463418148,-4.39697475091272,"1",87.7557977716843,"BP1","iSVZ",3.04109576094078,0,0
"SRR2967431",-102.923187843157,43.7979171808486,"5",102.425641970631,"BP1","iSVZ",2.95773262562028,0,0
"SRR2967433",-8.77858091137804,-49.989010458137,"4",34.3020957121023,"AP1","VZ",2.78468614046929,0,0
"SRR2967434",-69.7493062435886,-22.3656667385749,"4",32.9640684201513,"AP1","VZ",1.16923875661394,0,1.26067607744077
"SRR2967435",-26.0158183905561,92.5949802687511,"2",206.40506123168,"N3","CP",0,0,5.08488490440721
"SRR2967436",-75.4422873505911,-10.261560722395,"5",79.2273567831701,"BP1","iSVZ",0,0,0
"SRR2967437",-70.4007609314162,-19.6552109568107,"4",34.5261792957798,"AP1","VZ",4.18246983839916,0,0.73814523630177
"SRR2967438",-34.0408274495934,0.665847938749875,"5",84.6383601249054,"BP1","iSVZ",0,0,0
"SRR2967439",-16.5080333501647,-21.1488935627868,"1",47.3067356400714,"AP2","VZ",2.77832634261511,0,0
"SRR2967440",-68.6608399468984,-30.6578559084466,"4",30.2380213544943,"AP1","VZ",4.28209132167335,0,1.45789367319723
"SRR2967441",-34.1705300658687,103.211010406204,"2",219.51032158847,"N3","CP",0,0,9.20914627285415
"SRR2967442",-55.633526518014,-29.5519204998354,"4",17.4481557529066,"AP1","VZ",4.67647616864816,0,0.930967393602147
"SRR2967443",-9.0923890899602,85.6275183468759,"2",189.15067532541,"N2","CP",0,0.241649845067328,5.77947248381303
"SRR2967444",-73.6140202244766,-24.596454922346,"4",36.0719122635886,"AP1","VZ",4.0080834545129,0,0
"SRR2967445",-95.204820229144,0.502040691958458,"5",86.9604979141513,"BP1","iSVZ",0,0,0.454515992145206
"SRR2967446",-43.7794361209996,5.84000406562237,"5",73.6602298131388,"BP1","iSVZ",0,0,0
"SRR2967447",-30.0686140503351,-39.4581804318317,"4",10.7028043770275,"AP1","VZ",0,0,1.94970673889513
"SRR2967449",1.49243255336987,-26.0957495494804,"1",40.5674773939148,"AP1","VZ",2.42809682018114,0,6.09019924346878
"SRR2967450",-64.331730406234,-29.0261412596987,"4",26.1123970596901,"AP1","VZ",0,0,0
"SRR2967451",12.6010776973188,39.6350939531572,"2",146.69320264929,"N2","CP",1.856914001291,0.443899403999735,8.63075491923525
"SRR2967452",-43.5426794066225,0.820027906282526,"1",81.9195568467898,"BP1","iSVZ",4.28083756861177,0,0.879827292539454
"SRR2967453",-17.9718865449253,78.1300566867466,"2",191.179566298409,"N2","CP",0,0,8.74240039122287
"SRR2967454",-0.4579301969277,-41.0991758758166,"1",48.9217493256846,"AP2","VZ",0.444230270117799,0,0
"SRR2967455",4.39351004302435,69.3228144884155,"2",168.1726152443,"N2","CP",0,0.544164861642224,4.95711597496823
"SRR2967456",-64.4680020531935,19.3348539663801,"5",58.5647129892826,"AP2","VZ",0,0,0
"SRR2967457",-9.04343208774355,-53.712617273495,"4",36.0875050877019,"AP1","VZ",0,0,0
"SRR2967458",-74.4616255342033,2.23314775294562,"4",50.2516888772124,"AP2","VZ",4.43688806891194,0,4.71969273037631
"SRR2967459",-40.1089386581108,-34.3533263871737,"4",2.18509668545149,"AP1","VZ",5.54514982746818,0,0
"SRR2967460",-7.87302653558957,-15.6183041468458,"5",115.293757921921,"BP2","iSVZ",0,0,1.52675493050504
"SRR2967461",-59.2842071157771,-30.6735215327288,"4",20.8961428728971,"AP1","VZ",5.30652473617285,0,0.605716196936474
"SRR2967463",-27.5482759636729,-13.2694606467085,"1",60.7915221136871,"AP2","iSVZ",4.36539159444796,0,0
"SRR2967464",-62.211618227119,-22.0947583213339,"4",26.0417987042704,"AP1","VZ",1.43953271696992,0,0
"SRR2967465",-30.8683681760712,3.20186869781615,"5",86.7215424638388,"BP1","iSVZ",0,0.446942207245488,0
"SRR2967466",-54.1478450814003,-34.3870435263795,"4",15.7172816524946,"AP1","VZ",4.07661039916393,0,0
"SRR2967467",-37.9812109277701,-44.0601616345775,"4",11.2017578145159,"AP1","VZ",0,0.522821098777075,0
"SRR2967468",-59.1201308686852,-9.80689112489367,"5",76.2811418285699,"BP1","iSVZ",0,0,0
"SRR2967469",-100.665929787076,-11.8923341598207,"3",111.272450657071,"BP2","iSVZ",1.74130733729438,0,0.238176641718053
"SRR2967470",8.34072763409101,-40.2800146963434,"1",52.8613149570551,"AP2","VZ",0.66919915273058,0,0
"SRR2967471",-62.8687731339644,59.6856133096579,"5",98.8214531703323,"BP1","iSVZ",0,0,4.06635617199915
"SRR2967472",-9.24577535619994,85.8892350579282,"2",189.442881128271,"N2","CP",0,0,9.18456297305405
"SRR2967473",-11.0246478845452,-14.20060610991,"1",48.4680362433052,"AP2","VZ",3.52123923003638,0,0.847614541703534
"SRR2967474",-66.3588456579318,130.456652136806,"3",208.076115220776,"N3","CP",0,0,8.39963681769089
"SRR2967475",14.3015911495118,61.8624255001735,"2",155.821639833591,"N2","CP",0,0,5.37359949432651
"SRR2967476",-79.2922100092397,-32.2417736051188,"4",40.7931678477371,"AP1","VZ",4.69060147157511,0,0.246232946511906
"SRR2967477",40.7497941699612,33.4445828107424,"2",117.871836768966,"BP2","oSVZ",0,0,7.69868383347854
"SRR2967478",-93.9121009056215,-8.77926812251916,"4",60.4190567633554,"AP2","VZ",3.26047736865342,5.28966850144771,4.20260578471626
"SRR2967479",-81.9200727577757,-19.3818170512198,"4",45.463308125263,"AP2","VZ",5.32967616467775,0,0
"SRR2967480",96.5120112948689,-13.624321963516,"6",196.49793347381,"N2","CP",0,0,6.00932477555286
"SRR2967481",-39.1398635330484,-29.70532767797,"4",3.2285355271537,"AP1","VZ",1.96634555696234,0,0
"SRR2967483",1.66248230067333,-40.0395145166263,"1",48.7246544667646,"AP2","VZ",1.85655948916873,0,0.998715429694993
"SRR2967484",38.301437491574,39.7619279178896,"2",123.197604798331,"BP2","oSVZ",0,2.68994990407207,3.88020552649924
"SRR2967485",79.2804599353884,-75.6322225461454,"6",227.96644171245,"N3","CP",0.917705182727068,0,0
"SRR2967486",43.5980989065427,-4.51844963780619,"2",149.267804011062,"N2","CP",0,6.21370110693649,2.64574545977677
"SRR2967487",-42.4567856378629,-42.4166024957656,"4",10.3320600644396,"AP1","VZ",3.40427371267284,0,0.270269383427878
"SRR2967488",-20.5775761740457,-46.1215963226014,"4",22.2921842584042,"AP1","VZ",3.59766226818905,0,0
"SRR2967489",115.650404555294,-40.076572589852,"6",217.998734562877,"N3","CP",0,0.344651273178449,0
"SRR2967490",-8.23823814473041,-28.5932356113157,"1",37.9760089676544,"AP1","VZ",3.25133129253131,0,0.201505894716993
"SRR2967491",-12.2914775903427,-33.3336373085245,"1",43.988583674813,"AP1","VZ",2.18811919490593,1.73720217675367,0
"SRR2967492",87.9923425940338,-83.6897943130669,"6",237.115194418861,"N3","CP",4.05688694793833,0,0
"SRR2967493",27.8961529887292,-1.80121352381512,"2",151.029244024384,"N2","CP",0.375902426271711,0,7.43935717847426
"SRR2967494",15.7515698973117,-41.2084942043131,"1",59.1691170991012,"AP2","VZ",1.27967334794758,0,0
"SRR2967495",127.734551170172,-60.134025927785,"6",238.680687368964,"N3","CP",0,0,4.35881117404759
"SRR2967496",-0.133211880051136,-30.7327371347306,"1",40.1580705189118,"AP1","VZ",0,0,0
"SRR2967497",-7.20720352282356,-30.5391027638534,"1",38.452472857999,"AP1","VZ",1.15307894270366,0,0.434809145261313
"SRR2967498",-12.9356512774074,-29.0672498798171,"1",42.5869115470462,"AP1","VZ",3.19247510041996,0,0
"SRR2967499",11.9139495938234,-43.859903964938,"1",57.9193138807556,"AP2","VZ",0.480874131401022,0,0
"SRR2967500",24.6559988989835,40.2667206969402,"2",135.278235008248,"N1","oSVZ",0,4.34622649523793,3.00926295883904
"SRR2967501",127.045061942537,-60.7359550573664,"6",238.487796373771,"N3","CP",0,0,6.20265475546952
"SRR2967502",120.199607309929,-63.1605632625325,"6",234.795313599521,"N3","CP",0,6.26912667914942,0.802759014744129
"SRR2967503",-37.4755958677804,-39.6726632982305,"4",6.87934510383679,"AP1","VZ",2.78596269144807,0,0
"SRR2967504",-3.90564531685035,-40.5328825331039,"1",47.7295677350753,"AP2","VZ",0.913173201951189,0,0.64155342750466
"SRR2967505",36.8092975932804,23.3900975354914,"2",125.253583755159,"BP2","oSVZ",0,0,7.57666573516288
"SRR2967506",126.246318080675,-52.4891421984236,"6",233.190264879239,"N3","CP",0,0,9.16658741616654
"SRR2967507",5.16720797035215,-36.8284875292668,"1",48.1771223200414,"AP2","VZ",1.82379011382986,0,0
"SRR2967508",30.7669647954485,27.3388838023358,"2",128.507102580268,"N1","oSVZ",3.02206059725346,0,8.04397327192829
"SRR2967509",-21.5792489139927,-37.4816246986224,"1",53.9666022434597,"AP2","VZ",4.69035004385623,0,0
"SRR2967510",91.8745307220636,-80.3978919914483,"6",234.807036665492,"N3","CP",0,0,0
"SRR2967511",37.6994439102322,-55.353430877495,"6",224.742223282082,"N3","CP",2.29206905852872,0,8.08027924733511
"SRR2967512",64.1764789320308,-68.8081838176181,"6",222.418564517801,"N3","CP",0.366031757381891,0,0.829176551027396
"SRR2967513",-37.3621062128238,-43.4207298552416,"4",10.6117298438516,"AP1","VZ",4.8274328996296,0,0.235811597452753
"SRR2967514",16.2628490381812,-17.2002632553575,"1",57.4513311637162,"AP2","VZ",4.42838362416021,0,2.2296740512169
"SRR2967515",34.0256013683991,20.5942945667329,"2",129.19795356317,"N1","oSVZ",0,1.5172202523349,7.04202046453995
"SRR2967516",-23.601537743954,-37.5866246907022,"4",15.6307685004603,"AP1","VZ",0.964594551858312,0,0
"SRR2967517",92.2480897917822,-77.6604750909468,"6",232.27828205036,"N3","CP",0,0,0
"SRR2967518",-10.4391352408298,-13.824424490335,"1",48.5677386501968,"AP2","VZ",3.03910855683967,0,3.91274565820031
"SRR2967519",119.719382095883,-53.0396686687267,"6",228.029540562924,"N3","CP",0,0,10.9083250632328
"SRR2967520",18.5797933699525,-37.5380519536917,"1",59.8350438488841,"AP2","VZ",0.722453783370327,0,0
"SRR2967521",-53.0790285532781,-40.5104154791134,"4",16.4560443835831,"AP1","VZ",2.29501178570725,0,0
"SRR2967522",-39.9876614504566,-29.5591423191421,"4",3.62868610522185,"AP1","VZ",2.15856646982594,0,1.97448526005435
"SRR2967523",9.37976106772651,57.8416397082803,"2",157.133641555498,"N2","CP",0,0,9.03540396994207
"SRR2967524",-24.8954698800325,-49.9343606816141,"4",21.8256923446783,"AP1","VZ",2.10714550149263,0,0.263945420502771
"SRR2967525",36.3924298563469,26.1867029101046,"2",123.857949370219,"BP2","oSVZ",0,0,8.77623890534259
"SRR2967526",48.680145335884,-67.4234065809011,"6",227.053670550018,"N3","CP",3.2151567094001,0,0
"SRR2967527",-3.02699528701315,-36.1016972588261,"1",43.4407642317044,"AP1","VZ",2.23363654804492,0,0
"SRR2967528",34.230869211681,10.7953502423198,"2",136.936449429257,"N1","oSVZ",0,0,7.35319976746396
"SRR2967529",-23.2232331585465,-22.6210083529446,"1",53.1465581046378,"AP2","VZ",1.74497480444942,0,1.24556867801352
"SRR2967530",2.09287591954203,-26.3937306507801,"1",41.1279087663474,"AP1","VZ",0.387244517377497,0,0
"SRR2967531",19.2851544721364,31.9808843281213,"2",139.213981520053,"N1","CP",0,0.425674135387581,2.10698810969874
"SRR2967532",-51.2716406133269,-22.5905478161945,"1",80.8853860569482,"BP1","iSVZ",4.01066348768734,0,0
"SRR2967533",-45.9545726070394,-17.3076099135363,"1",76.4904711163202,"BP1","iSVZ",1.73256443870383,0.443175900274551,0
"SRR2967534",-43.7926543095706,-24.9315233389425,"1",73.2509868172734,"BP1","iSVZ",1.74705219999082,0,0
"SRR2967535",-75.1185890448134,-18.7807739238508,"4",39.2321242692403,"AP1","VZ",2.01183909677086,0,0
"SRR2967536",-31.3973811627839,-15.9800961377635,"1",63.0055554479115,"AP2","iSVZ",0.799121300211819,0,0.31978554528138
"SRR2967537",-44.1576719717336,5.75632060744996,"1",85.4307563937115,"BP1","iSVZ",4.3386526035645,0,0
"SRR2967538",-10.1185349141906,-31.21507621611,"1",40.9656891199933,"AP1","VZ",4.78174787742141,0,0
"SRR2967539",45.0317623848009,-10.159869606812,"6",206.944737245432,"N3","CP",1.71130106589775,7.86832871367108,4.37391264639229
"SRR2967540",-32.4162921686251,-16.696787102216,"1",63.6900937310174,"AP2","iSVZ",0.666588456996398,0,0
"SRR2967541",-55.8369967961387,-25.6912970620409,"4",18.7611054154041,"AP1","VZ",3.05366397400082,2.51905119411461,0
"SRR2967542",-41.1716838519852,-3.53308554152069,"1",77.5066337173486,"BP1","iSVZ",2.27509646797494,0,0
"SRR2967543",-92.4053369500465,-5.8171861371688,"3",105.553888730358,"BP1","iSVZ",1.37361480556349,0,0
"SRR2967545",53.7661815245644,15.3225828073258,"2",130.98554724164,"N1","oSVZ",0,0,0
"SRR2967546",-35.1197591352549,-34.8706424909841,"1",65.5171618964735,"AP2","iSVZ",0,0,0
"SRR2967547",-3.69574570658299,-24.9707007602982,"1",36.5465133668382,"AP1","VZ",4.27002054575232,0.249837288258587,0
"SRR2967548",-31.3247486827325,-44.7497680375913,"4",13.8800065340158,"AP1","VZ",0,0,0
"SRR2967549",-63.5980779707204,-36.6055582257017,"4",25.3706166336837,"AP1","VZ",1.49248902436675,0,0
"SRR2967550",33.0118619083559,37.0467345480719,"2",126.324421940894,"BP2","oSVZ",0,0,6.26754328867775
"SRR2967551",34.7887892549588,16.3303808768001,"2",131.946079509914,"N1","oSVZ",0,4.92631734591663,8.37549128914474
"SRR2967552",-42.7349005034012,2.08094756996314,"1",82.0232212102742,"BP1","iSVZ",0,0,0
"SRR2967553",-65.3551132768755,-18.2670344669652,"4",30.5655442703444,"AP1","VZ",4.29603885497098,0,0.361744782109098
"SRR2967554",64.9803620615709,10.6077555353558,"2",141.113869967691,"N2","CP",0,0,5.89497051116694
"SRR2967555",-41.1301154899099,-30.4078304503474,"1",70.6877830988067,"BP1","iSVZ",0,0,0
"SRR2967556",-23.5466754514008,-20.5848141393589,"1",54.0274142131279,"AP2","VZ",0,0,2.13964302712835
"SRR2967557",-11.0887914654478,-33.0928010957755,"1",42.9329866828755,"AP1","VZ",4.38364900250285,0,0
"SRR2967558",40.5248013845574,22.2170077929922,"2",123.895480022513,"BP2","oSVZ",0,0,7.1283243367852
"SRR2967559",22.2632245590119,26.9649532944567,"2",136.819871771054,"N1","oSVZ",2.8788371435617,2.53140641502552,7.98361499720167
"SRR2967560",-38.233847935591,-28.7063209692434,"1",67.6770885264595,"BP1","iSVZ",4.70083917838355,0,0
"SRR2967561",-51.3496575582626,-32.0802341098893,"4",12.8700602307894,"AP1","VZ",4.69331410252126,0,0
"SRR2967562",-40.9110763768494,-21.8427230739636,"1",70.6842312790405,"BP1","iSVZ",1.82864376656089,0.268608057495476,0
"SRR2967563",31.6814540540313,11.2043717080469,"2",137.928299783714,"N1","CP",0,7.00481596433226,3.57473126266284
"SRR2967564",24.0274383731511,-45.3016647486196,"1",68.3317135075881,"BP1","iSVZ",0.982387994694541,0,0
"SRR2967565",67.8241052446533,5.36030811352975,"2",146.963553400838,"N2","CP",1.0853770642081,0,8.76678065430965
"SRR2967566",10.4045581984551,-33.0838633341165,"1",50.5681048867601,"AP2","VZ",2.4354339104216,0,1.10835717809042
"SRR2967567",17.5439466664223,48.8225463277645,"2",145.395039798151,"N2","CP",0,0,7.34030411318018
"SRR2967568",-13.3175808215964,-32.4210448023209,"1",44.2787281057858,"AP2","VZ",1.90774441836612,0,0.18302528648609
"SRR2967569",-125.667699186286,-1.4953128127656,"3",118.245444586661,"BP2","oSVZ",4.10654095635295,0,0
"SRR2967570",0.0444217031373981,-26.7674596773851,"1",39.0570240928,"AP1","VZ",1.83711168710279,0,0.0500526420640281
"SRR2967571",-40.4384148473111,-15.8317785371084,"1",71.5599060222312,"BP1","iSVZ",1.84128078115077,0,0
"SRR2967573",9.6462990703178,-19.8575157235863,"1",50.3366591343121,"AP2","VZ",0,0,0
"SRR2967575",-39.3320595548532,-25.6983940297006,"4",7.21986643156662,"AP1","VZ",4.93807403049597,0,0
"SRR2967579",-71.9418957749204,36.1242410624926,"5",76.8152985927345,"BP1","iSVZ",2.86514085565821,0,0
"SRR2967580",-46.42442769548,-27.1626767873379,"4",9.76295910802244,"AP1","VZ",4.10657445578791,0,0
"SRR2967584",47.7836414096816,13.2102951136626,"2",131.52556662731,"N1","oSVZ",0,0,5.00916350900213
"SRR2967591",-69.5688256820955,-22.5121391654297,"4",32.7464209630525,"AP1","VZ",2.67096493512908,0,0
"SRR2967592",-35.2142326817845,-18.0140335347567,"1",65.925889751204,"BP1","iSVZ",0.181714492674891,0.16057689431637,0
"SRR2967593",-26.5234098211501,0.967992946732969,"1",69.6444861285144,"BP1","iSVZ",3.90007461734549,0.272793615446952,0
"SRR2967595",36.603527017686,8.78622422458533,"2",137.730018918545,"N1","CP",0,0,2.97435493040729
"SRR2967596",15.1342337752588,20.6942856260601,"2",145.459635321831,"N2","CP",0,0,9.0444514981338
"SRR2967597",34.7742346464587,20.435821450142,"2",128.782109317375,"N1","oSVZ",0,0,4.51877430943349
"SRR2967598",38.0777819003892,6.10657426396402,"2",139.763443922798,"N1","CP",0,0,0.545376347425763
"SRR2967602",39.6170551469141,13.3424080832554,"2",132.40522023092,"N1","oSVZ",0,0,5.17028563012583
"SRR2967605",21.2582710208539,16.6013108279432,"2",141.77218441806,"N2","CP",0,0,0
"SRR2967606",32.8482518604053,5.58483058642659,"2",142.194014720584,"N2","CP",0,0,5.64889393114595
"SRR2967607",-3.05092452180625,-21.0994395828556,"1",40.393093284261,"AP1","VZ",4.66022699045538,0,3.38143427992715
"SRR2967608",88.8190223505833,4.87156426696966,"6",203.910891895205,"N3","CP",0,0,5.80300224372846
"SRR2967609",65.2004098777503,33.3384045130169,"2",131.492102564162,"N1","oSVZ",0.827171901898084,0,1.83789077929931
"SRR2967610",61.0003580942744,33.7341101198928,"2",127.333453690158,"N1","oSVZ",0,0,8.27413117906091
"SRR2967611",46.8108062318838,-55.8242347706085,"6",218.673271408057,"N3","CP",0,0,0
"SRR2967612",36.6214029537757,54.823209803219,"2",136.838633145717,"N1","oSVZ",0,0,7.66156434933973
"SRR2967613",58.4995312527864,23.4094517804715,"2",127.613505491158,"N1","oSVZ",0,0,8.34224804773953
"SRR2967614",58.8641997531772,27.3471143622534,"2",126.049114606033,"BP2","oSVZ",0,0,6.62157718992597
"SRR2967615",51.0420987715258,46.7070870166524,"2",127.621370854615,"N1","oSVZ",0,0,7.08614684279903
"SRR2967616",69.5905223957384,24.2937219405627,"2",137.175504631238,"N1","oSVZ",0,0,9.91020498411519
"SRR2967617",68.9045773295776,23.8515495793286,"2",136.677038881695,"N1","oSVZ",0,0,6.89933275191366
"SRR2967618",65.4167120915791,21.8026366358886,"2",134.341422621611,"N1","oSVZ",0,0,6.61523235839973
"SRR2967619",28.4952227957098,-45.1416062841693,"1",72.1044119306987,"BP1","iSVZ",4.33750416256975,0,0
"SRR2967620",62.0372820677546,13.5119259335595,"2",136.993057488546,"N1","oSVZ",0,0,6.51833684920503
"SRR2967621",55.112517036342,-47.9217110942131,"6",207.296050240621,"N3","CP",2.70140932721343,0,0
"SRR2967622",68.2736452599007,23.5810111083106,"2",136.183892571568,"N1","oSVZ",0,6.67284960165427,7.51222688651396
"SRR2967623",57.2988803945094,23.4937095340918,"2",126.602513188684,"BP2","oSVZ",0,0,9.16163327412423
"SRR2967624",62.4405256675506,19.2857630125088,"2",133.245682149657,"N1","oSVZ",0,0,7.13357380013935
"SRR2967625",56.4176569012215,25.7250430671643,"2",124.59081194416,"BP2","oSVZ",0,0,8.20256464799889
"SRR2967626",64.2504519688468,16.2199402619949,"2",136.604672122778,"N1","oSVZ",0,0,8.19515071056471
"SRR2967627",-2.06065163303668,-50.9398332190647,"1",58.2634573294792,"AP2","VZ",4.91827173029605,0,1.72748050160355
"SRR2967629",5.04449974750809,-35.7332427329145,"4",43.6423747816807,"AP1","VZ",0,5.36720679596022,0
"SRR2967630",0.964937861131451,-49.9120318511968,"4",42.9906798106162,"AP1","VZ",0,0,0
"SRR2967631",57.6771088323443,20.9707693467755,"2",128.55396914837,"N1","oSVZ",0,0,7.72640891631263
"SRR2967632",55.2630538167041,33.6450454262655,"2",121.626429838055,"BP2","oSVZ",0,0,8.32148620186277
"SRR2967633",66.4967163203761,9.22108307337055,"2",143.156236452897,"N2","CP",0,0,8.44901654707812
"SRR2967634",104.355773783287,-18.6203754924263,"6",202.945770594937,"N3","CP",0,0,6.8638641338615
"SRR2967635",60.3362076827113,-32.143388943157,"6",192.579193319938,"N2","CP",0,4.34065483780154,5.46628777600976
"SRR2967636",80.9692099312057,13.4282127409256,"6",209.816746351983,"N3","CP",0,0,4.63646801800987
"SRR2967637",75.2388612457158,-3.02149551325313,"6",192.982263442218,"N2","CP",0,0,0
"SRR2967638",58.4825546138358,40.1368090821679,"2",127.028352224678,"N1","oSVZ",0,0,9.83689615143732
"SRR2967639",67.0621356715949,-62.9150946106923,"6",216.030450373728,"N3","CP",5.17677354441132,0,0
"SRR2967640",9.77621234462242,-49.614624257087,"1",61.0789007627501,"AP2","iSVZ",2.83888925889443,0,2.17434888855964
"SRR2967641",58.8270604386964,33.5772120685128,"2",125.155303942831,"BP2","oSVZ",0,0,6.81707318912508
"SRR2967642",45.6476142836291,46.7019957694879,"2",126.806402401824,"BP2","oSVZ",0,0,7.78705366555059
"SRR2967643",65.7833856996568,16.4327241557117,"2",137.638409545125,"N1","CP",0,0,6.23212732145324
"SRR2967644",16.4531591604662,-46.5227512862891,"1",63.0389458880385,"AP2","iSVZ",0,0,0
"SRR2967646",3.47094846270217,-42.4336938566416,"1",51.6823497970978,"AP2","VZ",1.82171021503467,0,0
"SRR2967648",13.9491615526321,-45.8222340882207,"1",60.7458920201417,"AP2","iSVZ",3.49404432787741,0,0
"SRR2967649",30.2102448525617,-43.2084868787272,"1",72.7699143066124,"BP1","iSVZ",3.0508934443564,0,0
"SRR2967650",45.9789927654702,33.0076020861928,"2",113.117468951936,"BP2","iSVZ",0,0,7.88097320307306
"SRR2967651",74.5975623202927,20.245442625615,"2",143.29964965278,"N2","CP",0,0,8.11781969411411
"SRR2967652",85.6642515608913,-2.45968907178363,"6",195.942924294384,"N2","CP",0,0,7.5257791790998
"SRR2967653",64.6186103372963,25.7626412333428,"2",131.996594041799,"N1","oSVZ",0,0,7.07733914690867
"SRR2967654",66.3016309097434,28.7480141894504,"2",132.871428298073,"N1","oSVZ",0,0,6.40892750201028
"SRR2967655",65.8556823515702,18.3566730338056,"2",136.53670734099,"N1","oSVZ",0,0,6.77441810410581
"SRR2967656",55.7743877307134,32.5451040371935,"2",122.040480402197,"BP2","oSVZ",0,0,9.44669666443632
"SRR2967657",10.1858703260463,-66.7772413285106,"4",59.3325601465186,"AP2","VZ",3.63215186443361,1.00151403506355,0
"SRR2967659",58.4145878046969,33.1892353083821,"2",124.71046054162,"BP2","oSVZ",0,0.626185854315552,6.49533700237943
"SRR2967660",0.615826796538775,-55.8199434020995,"4",45.3544300898982,"AP2","VZ",5.50597347594028,0,2.32073016079198
"SRR2967661",13.4366065288386,-41.7078329628699,"1",57.6104154068293,"AP2","VZ",3.75049931697263,5.21415201109117,3.26093044495822
"SRR2967662",-14.816191820589,-53.676332551707,"4",31.527532739994,"AP1","VZ",2.80257168083365,0,0
"SRR2967663",18.4401695820065,-40.4056512556677,"4",57.4404279037131,"AP2","VZ",0,7.10004203075152,0
"SRR2967664",63.3440317944445,26.4540467230494,"2",130.566100888254,"N1","oSVZ",0,0,6.9408949631851
"SRR2967665",61.3592918886116,-9.59180238908852,"6",193.001509576753,"N2","CP",0,6.74807206076225,8.23354298661292
"SRR2967666",22.9096188358481,-55.8168887683391,"1",74.1563212676387,"BP1","iSVZ",3.44252157022809,0,0
"SRR2967667",36.6488428347617,56.4081031041862,"2",138.296464130745,"N1","CP",0,0,7.50451711207942
"SRR2967668",50.6684231843285,44.6501335272274,"2",125.557681535612,"BP2","oSVZ",0,2.63251950178234,8.66727124117386
"SRR2967669",68.2714906541203,25.5574495634772,"2",135.53248023496,"N1","oSVZ",0.883293142642116,0,7.38242516950915
"SRR2967670",44.7358813527572,-16.2943661829799,"6",205.575292178954,"N3","CP",0.781096961716832,7.07089375358789,0
"SRR2967671",58.0045267955417,-23.5278620809414,"6",191.880397537911,"N2","CP",0,6.50615125173804,0
"SRR2967672",61.9042137716611,35.9978936358795,"2",128.597902718909,"N1","oSVZ",0,0,6.38722121487578
"SRR2967673",81.2798697322877,0.816431862207473,"6",197.489336715405,"N3","CP",0,0,8.52570089004515
"SRR2967674",72.8427395437168,16.7924690282544,"2",143.270199039711,"N2","CP",0,0,7.62929104154186
"SRR2967675",10.1000817143587,-45.6886487447863,"1",58.0774553962821,"AP2","VZ",3.00360583441895,0,0.66764147634159
"SRR2967676",38.5638520057427,43.8617546721676,"2",126.204564166048,"BP2","oSVZ",0,0,8.529001000476
"SRR2967677",17.3405098516151,-50.9384845057654,"1",66.7854320892157,"BP1","iSVZ",6.27462694863607,0,0
"SRR2967678",43.8045604246398,-54.6015150834089,"1",90.0819172389157,"BP1","iSVZ",6.97314055506299,0,0
"SRR2967679",57.1657288420893,42.311949942949,"2",127.301104503591,"N1","oSVZ",0,0,7.7167440243229
"SRR2967680",45.896825795698,11.9960218488287,"2",132.668398990434,"N1","oSVZ",0.960128373822539,0,7.56241797960253
"SRR2967681",98.2835198006007,-12.4469327333044,"6",198.582939305487,"N3","CP",0,0,8.1836304194869
"SRR2967682",61.9637223231273,-4.11060479331626,"6",196.577039590673,"N2","CP",0,0.639359985461823,7.65562373955208
"SRR2967683",43.6696623105663,-24.7424174412685,"6",206.266388748544,"N3","CP",0,6.00503837035,3.15165427975436
"SRR2967684",65.1561350332743,30.1184093057771,"2",131.541359858153,"N1","oSVZ",0,1.01611830281732,8.83232041685226
"SRR2967685",56.4062480609949,20.4089207779546,"2",128.091727700507,"N1","oSVZ",0,0,8.66119021336333
"SRR2967686",76.3556153189898,21.4250965941822,"2",144.508574420516,"N2","CP",0,0,7.27468098840457
"SRR2967687",60.1076159567258,38.2954919619328,"2",127.607335922367,"N1","oSVZ",0,0,7.60493863754122
"SRR2967688",-10.7437783740158,-57.0701852181981,"4",36.8272107654385,"AP1","VZ",5.2155854163088,0,0
"SRR2967689",10.2503843000248,-9.09164469384029,"1",57.625176673079,"AP2","VZ",1.85013131704566,0,7.83152260261822
"SRR2967690",59.9008242169526,32.5507173342912,"2",126.16596211262,"BP2","oSVZ",0,0,9.12367395530515
"SRR2967691",53.9214568802849,48.6789777031092,"2",130.538264721413,"N1","oSVZ",0.895263838687277,0,8.97309462289202
"SRR2967692",-14.3403873447501,-38.907320965986,"1",49.4317429931973,"AP2","VZ",0,0,1.52956111311572
"SRR2967693",41.1669188124818,40.1901071852342,"2",121.708779556268,"BP2","oSVZ",0,0,4.64517132804008
"SRR2967694",47.4555747373096,47.0446720435261,"2",127.201952955005,"N1","oSVZ",0,0,7.69687018448984
"SRR2967695",57.4482909787741,28.5122188863195,"2",124.321872936422,"BP2","oSVZ",0.452775694432578,0,8.68358768671851
"SRR2967697",23.6626423353487,74.6689171683319,"2",160.346270906063,"N2","CP",0,0,7.77567611816387
"SRR2967698",44.9018196310599,29.1219370730161,"2",115.766953965784,"BP2","oSVZ",0,0,9.2514753095607
"SRR2967699",35.1902561227833,-46.2800490783587,"1",78.5844590213464,"BP1","iSVZ",7.81766802129075,0,0
"SRR2967700",58.6306927360856,20.9039695650551,"2",129.293562704234,"N1","oSVZ",0,0,8.55572030957348
"SRR2967701",39.9909853963795,46.1703444484168,"2",127.558437951054,"N1","oSVZ",0,0,9.06452452546505
"SRR2967702",58.8657625429502,39.120494226901,"2",126.846076764051,"BP2","oSVZ",0,0,7.43909117035312
"SRR2967703",53.6226293595231,47.7833988042566,"2",129.601570437906,"N1","oSVZ",0,0,9.31617063798318
"SRR2967705",39.28482490252,48.7945130263796,"2",130.249152264552,"N1","oSVZ",0,0,7.85632592164594
"SRR2967706",68.7772599053798,4.38622465713545,"6",201.281576406682,"N3","CP",0,0,4.55269061291237
"SRR2967707",59.9263091468277,37.141614925015,"2",127.018587294963,"N1","oSVZ",0,0,8.66361147049438
"SRR2967708",33.3017536286587,-47.5099364115099,"1",77.4589484633655,"BP1","iSVZ",3.43506714044223,0,1.3105029963417
"SRR2967709",50.4181799763331,40.0304477546838,"2",121.240893281335,"BP2","oSVZ",0,0,7.94496968829531
"SRR2967710",57.9553405298948,-53.9792484916167,"6",210.775465827268,"N3","CP",0,4.52573690353794,0.290180198510082
"SRR2967711",74.0735205852116,22.5144944401953,"2",141.993674197676,"N2","CP",0,0,6.70825622323128
"SRR2967712",30.5244248526799,50.5687840557519,"2",136.411292858029,"N1","oSVZ",0,0,6.66099419864678
"SRR2967713",48.1776966761841,42.1229224655536,"2",122.433052539446,"BP2","oSVZ",0,0,8.35448742351976
"SRR2967714",4.81552012868601,-30.4683576677342,"1",44.4146773655772,"AP2","VZ",3.25119190141322,0,7.44571842795547
"SRR2967715",49.0670099753533,-41.5542055999173,"6",207.213903862277,"N3","CP",3.04398660975648,0.440613138139976,4.07435129404382
"SRR2967716",48.8690939666955,47.1909221414454,"2",127.53949784107,"N1","oSVZ",0,0,6.81528081439061
"SRR2967717",67.130769105792,25.3455742144483,"2",134.508948555155,"N1","oSVZ",0,0,7.88028757841996
"SRR2967718",73.931844263183,-9.89051606198352,"6",186.237501810189,"N2","CP",0,6.71825201551371,2.20544256225305
"SRR2967719",66.395503862304,1.03651889273705,"6",198.851649584377,"N3","CP",0.383481460951873,2.17849156782231,0
"SRR2967720",55.3881452845308,37.414213954318,"2",122.975875721587,"BP2","oSVZ",0,0,7.14129994372953
"SRR2967721",59.2694436946274,34.5435935270323,"2",125.72481054761,"BP2","oSVZ",0,0,9.00347855895508
"SRR2967722",4.23472204850668,-58.5243959523565,"4",49.8468243683259,"AP2","VZ",1.98632719279403,0,0
"SRR2967723",63.0834111820793,5.51567455504867,"2",144.071409666749,"N2","CP",0,0,2.45417852583858
"SRR2967724",-18.3302325138131,-50.9209271000631,"4",27.0701046295705,"AP1","VZ",4.50926512240761,0,0
"SRR2967726",65.5361832726522,37.0580455224076,"2",132.377143126155,"N1","oSVZ",0,0,7.66962918039576
"SRR2967727",54.7824986238357,47.9541376208608,"2",130.286980344415,"N1","oSVZ",0,0,6.55440313110712
"SRR2967728",40.2326707120463,-52.8085689365777,"1",86.0908114185026,"BP1","iSVZ",2.12932258746627,0,0
"SRR2967729",64.0039990534614,34.2983327886802,"2",130.379694390808,"N1","oSVZ",0,0.525668007375278,9.09776089398994
"SRR2967730",68.0951954416146,6.98243674186678,"2",145.89344525108,"N2","CP",0,0,8.60569803554898
"SRR2967731",-8.75382357713805,-23.7398275063763,"1",39.3497933062958,"AP1","VZ",3.85001926896729,0,0
"SRR2967732",56.840730410621,24.9123764906972,"2",125.39222751455,"BP2","oSVZ",0,0,0
"SRR2967733",44.1870127796562,-48.2252865442854,"6",215.176314231242,"N3","CP",2.98424663541089,1.32371592851016,0.300775060516194
"SRR2967734",39.1950266632511,38.396640536656,"2",121.615442098724,"BP2","oSVZ",0,0.636200942476244,4.94405724658395
"SRR2967735",7.85698201288991,-52.6822277345002,"1",62.8032439635125,"AP2","iSVZ",4.85208875297637,0,0
"SRR2967736",52.9711009275572,-49.2835443550346,"6",209.702423216465,"N3","CP",0,0,1.22188945139948
"SRR2967737",56.5681223600977,34.86690475941,"2",123.145303023758,"BP2","oSVZ",0,0,7.59846198128186
"SRR2967738",71.2749076436089,26.9302233793394,"2",138.100653436967,"N1","CP",0,0,7.46011182012735
"SRR2967739",33.0878466972251,-51.2209278877629,"1",79.1535127838212,"BP1","iSVZ",5.08133962745194,0,0
"SRR2967740",8.30943301536971,-55.7423413136111,"1",65.7618082059572,"AP2","iSVZ",3.04371895499158,0,0
"SRR2967741",46.7679811010091,40.1213417628292,"2",120.245045593728,"BP2","oSVZ",2.14151780671776,0,8.36094362632095
"SRR2967742",11.1346533311285,-28.4167854713458,"4",49.8379514998926,"AP2","VZ",0,6.24332062620892,6.68375258920821
"SRR2967743",21.9681216430171,-32.2186891765485,"4",60.4755247102333,"AP2","VZ",0,6.36351453505228,0.296931913591309
"SRR2967744",60.0484791970275,28.2874809101719,"2",126.872736020182,"BP2","oSVZ",0,0,7.69554150852693
"SRR2967745",42.0248156409684,59.7297272305319,"2",140.129935861824,"N1","CP",0,0,9.0022440116031
"SRR2967746",-5.26769098057194,-40.6522141324489,"1",47.8271491477582,"AP2","VZ",3.31375085179697,0,0
"SRR2967747",57.9447009736217,44.8947297644565,"2",129.66969036994,"N1","oSVZ",0,0,6.82617982207454
"SRR2967748",20.0522541997577,44.9692312881136,"2",141.368411289699,"N2","CP",0,0,9.08778104770847
"SRR2967749",58.7603254500925,39.623775685605,"2",126.999357860263,"N1","oSVZ",0,0,8.16190279432681
"SRR2967750",62.7528531905204,8.58719454064572,"2",141.332346384037,"N2","CP",0,0.430948920629248,0.841176096526681
"SRR2967751",42.0174187218203,56.8327100645826,"2",137.269483594987,"N1","oSVZ",0,0,8.23100992204362
"SRR2967752",53.390979647053,44.5989157461498,"2",126.683145805401,"BP2","oSVZ",0,0,7.71570121800128
"SRR2967753",69.5975086253999,35.3106209488991,"2",136.054414037092,"N1","oSVZ",0,0,8.68476965591893
"SRR2967754",61.1694343526267,8.77786608473872,"2",140.291717958078,"N1","CP",0,0,6.31548290633297
"SRR2967755",63.454140347705,37.0582858524324,"2",130.362260350512,"N1","oSVZ",0,0,5.97904442794233
"SRR2967756",48.2437264165655,34.2451163266731,"2",115.273092668996,"BP2","iSVZ",0,0,6.52793828194386
"SRR2967757",64.5606255220783,-21.1492536627107,"6",185.273490787797,"N2","CP",0.530975639615236,2.4067026440554,0.28519741561468
"SRR2967758",79.9814552491465,20.6819284450908,"2",148.176097443362,"N2","CP",0,0,6.99020609794419
"SRR2967759",74.2009681172762,16.2194420677652,"2",144.733189555026,"N2","CP",0,0,8.02780649692911
"SRR2967760",61.7754601597539,-58.7128380544071,"6",213.474011203593,"N3","CP",4.91336815967972,0.413993692578406,0
"SRR2967761",54.5312254030519,-49.0174363192558,"6",208.516777124478,"N3","CP",5.89820593350092,0,0.303356423868461
"SRR2967762",59.1238216254562,22.8046673790523,"2",128.473745840882,"N1","oSVZ",0,0,7.67938860862628
"SRR2967763",121.618752915329,-37.7371873692515,"6",222.679972363167,"N3","CP",0,0,10.0370938958061
"SRR2967764",-20.9644001329171,-46.8234043453054,"4",22.4123692650915,"AP1","VZ",2.68100840571331,0,2.39372370832223
"SRR2967765",69.380838271319,17.7521270465151,"2",139.808777778524,"N1","CP",0,0,9.67344865595961
"SRR2967766",58.3627595960049,35.1616288701078,"2",124.959053205276,"BP2","oSVZ",0,0,8.76185702478967
"SRR2967767",35.3069711521066,63.7212456861741,"2",145.624760860588,"N2","CP",0,0,8.98993088681434
"SRR2967769",14.6422703081054,-10.0074411469567,"1",60.0501439976778,"AP2","VZ",2.52338380358319,7.91991804588224,1.56212272900062
"SRR2967770",41.7658623480977,40.9215598469739,"2",122.052471868687,"BP2","oSVZ",0,0,0
"SRR2967771",64.0337670146116,35.4730223952026,"2",130.578046588625,"N1","oSVZ",0,0,2.30936830114496
"SRR2967772",66.8154121616779,5.24612751337011,"6",202.662401111355,"N3","CP",0,0,6.6876206320849
"SRR2967773",65.3193798565494,-5.12601002942731,"6",193.827029191507,"N2","CP",0,0.23106001235101,8.71664800788143
"SRR2967774",66.9698830843996,15.5024075189637,"2",139.146016522708,"N1","CP",0,0,1.73833982782179
"SRR2967775",51.2400459666014,44.2606694358173,"2",125.406883283743,"BP2","oSVZ",0,0,5.86323476683399
"SRR2967776",67.1345167759164,11.9949420180918,"6",209.05946998863,"N3","CP",0,0,6.65605439884875
"SRR2967777",35.9082834657409,42.0720945655467,"2",126.523847679376,"BP2","oSVZ",0,0,7.20072208779512
"SRR2967778",5.37740351401617,-46.3548657386566,"1",56.039554283657,"AP2","VZ",1.90406013857347,0,0.814017953310434
"SRR2967779",50.3225735428324,32.3283872368165,"2",116.585358671999,"BP2","oSVZ",0,0.192026209388621,5.75527484049709
"SRR2967780",78.9119936387147,-12.1723248513501,"6",184.341868778873,"N2","CP",0,0,5.88448802974188
"SRR2967781",70.6493980661564,5.70856519528596,"6",202.16542834896,"N3","CP",0,0,7.76141161003933
"SRR2967782",60.8596889208896,24.5388066528036,"2",129.032612273513,"N1","oSVZ",0,0,8.44107673469862
"SRR2967783",-2.01032602801872,-27.1586318172588,"4",36.9378773954659,"AP1","VZ",3.10994052992688,6.83838455835769,1.09870925353664
"SRR2967784",80.5552631259213,10.4944738280324,"6",206.854047080559,"N3","CP",0,0,8.4826547063469
"SRR2967785",-22.577274486486,-45.2118380174128,"4",20.14852593276,"AP1","VZ",2.71075905467851,0,0
"SRR2967786",87.8230493177617,-10.5720880605363,"6",190.690627445449,"N2","CP",0,0.227142189990109,2.22063951287686
"SRR2967787",3.79402054749121,-35.9089054075692,"1",46.5568791152761,"AP2","VZ",5.12153766152091,0,0.687479098830556
"SRR2967788",76.4607718695516,-6.71091013269704,"6",189.30606006171,"N2","CP",0,0,4.20038664552056
"SRR2967789",46.7463099019021,36.3884820658018,"2",116.533123319711,"BP2","oSVZ",0,0,7.46539498531407
"SRR2967790",82.7200206626238,-19.3745873557431,"6",181.561602156419,"N2","CP",0,0,8.61573261725984
"SRR2967791",73.398086385658,8.4119100244806,"6",204.497480919602,"N3","CP",0,0,8.62645008828814
"SRR2967792",67.506109591153,15.2364915424853,"6",212.12856610856,"N3","CP",0,0,6.75412587877914
"SRR2967793",48.5216944582807,40.1252872619246,"2",120.582317865964,"BP2","oSVZ",0,0,4.84739064689792
"SRR2967794",51.8095339660895,-43.6517411938722,"6",206.423825061808,"N3","CP",0.235502827387712,8.43122596339994,0
"SRR2967795",68.9882822360606,7.11688695662651,"6",203.881899354398,"N3","CP",0,0,5.88062430981438
"SRR2967796",93.8899511048203,-20.8211084811334,"6",192.325307898615,"N2","CP",0,0,8.70007553040082
"SRR2967797",48.4454983776619,33.1384749430804,"2",114.860163152868,"BP2","iSVZ",0,0,5.93631756624875
"SRR2967798",85.5276367294711,-14.2475112687112,"6",186.554833955763,"N2","CP",0,0,7.80219321694183
"SRR2967799",72.4666365533937,0.910289791491308,"6",197.136846366882,"N2","CP",0,0,10.2253520607761
"SRR2967800",74.1500851248092,4.2172628448184,"6",200.261448511638,"N3","CP",0,0,7.83643544325425
"SRR2967801",38.2292354408345,-18.218516306512,"6",211.759756512068,"N3","CP",0,7.66973546279798,0.29995264155153
"SRR2967802",80.412321552342,-5.61893334416466,"6",191.046936815679,"N2","CP",0,0.3168095768993,6.27595313324529
"SRR2967803",83.3119454500707,0.0354280723422754,"6",197.316253983253,"N2","CP",0,0,4.38814130872205
"SRR2967804",93.275062302443,-27.4932989961121,"6",192.55027155897,"N2","CP",0,0,0.214287721197304
"SRR2967805",82.7255799762165,-4.25924085850956,"6",193.085933664598,"N2","CP",0,0,6.08829003210202
"SRR2967806",73.9923096767389,5.22965675724918,"6",201.281597799655,"N3","CP",0,0,6.98555735370211
"SRR2967807",79.6735875001915,-18.958575935098,"6",179.043141218879,"N2","CP",0,1.24040592611104,7.25022260927865
"SRR2967808",79.5225840510333,-8.94848209542295,"6",187.601475642079,"N2","CP",0,0,8.86202357799578
"SRR2967809",84.2947725447007,-18.0051895499548,"6",183.536673125477,"N2","CP",0,0,7.07545775626114
"SRR2967810",25.7575889788211,-38.9596699047646,"1",67.0064098275367,"BP1","iSVZ",2.48777444797834,0,0.774215665577309
"SRR2967811",63.2853101383023,25.7369873871553,"2",130.75358107652,"N1","oSVZ",0,0,4.16519644199483
"SRR2967812",72.5243529729738,4.72202596683522,"6",200.909208828232,"N3","CP",0,0,7.10195466704688
"SRR2967813",71.7278652319329,14.8161203436456,"6",211.028763251945,"N3","CP",0,0,5.41105671118711
"SRR2967814",70.2250582817264,6.76452265777765,"6",203.281427460342,"N3","CP",0,0,8.51731113015255
"SRR2967815",78.0352322372497,11.5206486578158,"6",207.600020658253,"N3","CP",0,0,9.39352560321432
"SRR2967816",37.4409470183244,-8.80836596326431,"6",214.543433362439,"N3","CP",0,0,6.95399850799128
"SRR2967817",75.3537960875796,-3.83546743207821,"6",192.165961953959,"N2","CP",0,0,0.159856486022932
"SRR2967818",71.1044756493637,3.58019660690682,"6",199.98998266605,"N3","CP",0,0,6.74965493414116
"SRR2967819",70.8051100265466,-7.08648488115924,"6",189.700648820314,"N2","CP",0,0,5.55364311607809
"SRR2967820",10.1233390709909,-22.2289762245814,"4",49.7780231091453,"AP2","VZ",0,7.30452929441515,6.4262530117877
"SRR2967821",54.8804418584704,32.7979671474813,"2",121.158089131867,"BP2","oSVZ",0,0,7.42148420647325
"SRR2967822",48.6171835459716,39.5014980973564,"2",120.018838026459,"BP2","oSVZ",0,0,6.34890339120653
"SRR2967823",80.423320941828,-4.96501245095484,"6",191.678971315418,"N2","CP",0,0,8.18067500748345
"SRR2967824",64.9891942872352,30.0554035571597,"2",131.382780874534,"N1","oSVZ",0,0,8.36911745859982
"SRR2967825",1.21406550191416,-17.2743730792357,"4",42.6703452612103,"AP1","VZ",0,7.0566377151132,1.15019570759408
"SRR2967826",92.7667132946654,3.04580679866275,"6",204.323251030652,"N3","CP",0,0,6.71311840136957
"SRR2967827",56.4319174709803,37.7098345848042,"2",124.034872530567,"BP2","oSVZ",0,0,4.81513476578376
"SRR2967828",52.069848453792,35.7524710771058,"2",119.269596934578,"BP2","oSVZ",0,0,5.62186725985977
"SRR2967829",67.9762463157133,24.7503958921713,"2",135.500343227917,"N1","oSVZ",0,0.322019270332833,7.46314832442483
"SRR2967830",58.212201613763,32.7297637068308,"2",124.482984310328,"BP2","oSVZ",0,0,7.63563106633824
"SRR2967831",49.1479656423488,49.0560684846359,"2",129.424401541804,"N1","oSVZ",0,0,7.1643538713639
"SRR2967832",64.259817645496,35.4718908740401,"2",130.800444280927,"N1","oSVZ",0,0.174947088142346,8.19381116075549
"SRR2967833",60.2005141319807,18.3557067870068,"2",132.186775423012,"N1","oSVZ",0,0,9.21942992473903
