"cell_id","X","Y","cluster","Pseudotime","paper_state","Zone","PAX6","EOMES","MYT1L"
"SRR2967279",-132.797312672082,15.7377227585793,"1",32.829600907742,"AP1","VZ",8.59361894790245,0,0
"SRR2967281",-107.731881168908,-3.41464057539515,"1",62.0277310022324,"AP1","VZ",7.23519092704256,0,0
"SRR2967283",-129.249814587602,25.4198660459972,"1",27.0426803119122,"AP1","VZ",7.97206650795775,0,3.44154456441967
"SRR2967301",12.9413502768575,-54.9070936191322,"6",187.099787884478,"BP1","iSVZ",7.81722032098365,0,4.55426344120586
"SRR2967307",-84.1254825967825,51.7854148077894,"1",30.9938914014744,"AP1","VZ",7.85931114355317,0,4.84668887138114
"SRR2967313",-107.563406053902,56.856118884823,"1",12.8226868831995,"AP1","VZ",7.79609802949333,3.55812066272863,6.92231679921813
"SRR2967319",18.6215996459411,6.78877930675273,"2",253.087399955109,"BP2","oSVZ",0,0,9.63151904123023
"SRR2967332",-100.418406194235,-11.8570907350393,"1",72.5380104680986,"AP1","VZ",6.67561836550752,0,1.05981210486304
"SRR2967334",-116.521885725031,21.1728443430776,"1",37.7384268368634,"AP1","VZ",7.80090636939029,0,0
"SRR2967337",-95.4132104017702,19.5400957523582,"1",52.5169635076393,"AP1","VZ",7.33083622831154,5.64528086879952,1.50023097946419
"SRR2967350",-95.8253955699324,79.7915218479666,"1",0,"AP1","VZ",4.6564963705535,0,8.37439615884164
"SRR2967353",7.94371831328822,13.2089498540653,"3",323.145917022888,"N2","CP",0,0,7.71171514862302
"SRR2967359",-3.51200756868191,0.707741151485085,"3",323.145917022888,"N2","CP",0,1.97905220437771,5.38071559767822
"SRR2967376",-2.98617268166895,32.7066330671201,"3",323.145917022888,"N2","CP",1.32218198687272,0,7.00922398607117
"SRR2967377",1.71104821429794,46.007587581251,"3",323.145917022888,"N2","CP",0,0,7.04643649099447
"SRR2967385",-55.0143748137978,-22.1230566796177,"5",115.947203664108,"AP1","VZ",8.09094867565922,0,0.0486620945350443
"SRR2967389",9.69219245683807,38.1532311175027,"3",323.145917022888,"N2","CP",0,0,7.62993212602535
"SRR2967395",-22.1376940012682,56.6113825323919,"3",323.145917022888,"N3","CP",4.01251504072025,0,6.28093033914948
"SRR2967402",-11.0974122976024,21.2523930096476,"3",323.145917022888,"N3","CP",0.314824115153516,0,8.17976978859633
"SRR2967409",6.89632818693028,39.4866726994059,"3",323.145917022888,"N3","CP",0.324171183700106,0,0.45143322030669
"SRR2967417",0.90522928055208,19.3970715134619,"3",323.145917022888,"N3","CP",1.09144935038035,0,7.49329507050358
"SRR2967418",-20.229903406065,30.2600342283253,"3",323.145917022888,"N3","CP",1.51733617173403,0,1.86465961766763
"SRR2967433",-65.1064687016703,-34.7001778914813,"5",112.59262624295,"AP1","VZ",8.38923122224195,0,0
"SRR2967435",-45.0659533413507,108.388037928554,"3",323.145917022888,"N3","CP",0,0,5.08488490440721
"SRR2967441",-51.780015469385,122.471234374805,"3",323.145917022888,"N3","CP",0.541122269918606,0,9.20914627285415
"SRR2967442",-104.779208279782,-3.68204308607831,"1",64.0912733593023,"AP1","VZ",6.16695640953691,0,0.930967393602147
"SRR2967443",-30.0895789346182,98.7657332851472,"3",323.145917022888,"N3","CP",0.833230146370899,0.241649845067328,5.77947248381303
"SRR2967444",-129.681144395045,7.4544432124998,"1",40.879151023925,"AP1","VZ",7.63695806930171,0,0
"SRR2967447",-80.3216790265216,-19.6516850651189,"1",92.3130552950437,"AP1","VZ",6.01155154576552,0,1.94970673889513
"SRR2967449",-46.9493482747392,-21.6226134775257,"5",123.565105137289,"AP2","VZ",8.20221199944052,0,6.09019924346878
"SRR2967450",-121.467214946129,0.30215068510576,"1",50.8347014693015,"AP1","VZ",9.36012500743444,0,0
"SRR2967451",-18.8114383141439,37.204347452365,"3",323.145917022888,"N3","CP",5.32745743429415,0.443899403999735,8.63075491923525
"SRR2967453",-40.6378755142918,92.3245705822061,"3",323.145917022888,"N3","CP",1.78284885523327,0,8.74240039122287
"SRR2967455",-23.3226281364837,78.8889914187297,"3",323.145917022888,"N3","CP",0,0.544164861642224,4.95711597496823
"SRR2967457",-69.4827677123895,-37.5376175640724,"5",110.190748041262,"AP1","VZ",5.86554522889016,0,0
"SRR2967458",-118.479192645402,33.7892872485974,"1",26.1744197524387,"AP1","VZ",7.41631619718317,0,4.71969273037631
"SRR2967462",-107.670048816625,-10.0680555645295,"1",66.4772288350808,"AP1","VZ",7.29974835532993,0,0
"SRR2967464",-108.994781194503,3.50946740062712,"1",56.0990355291154,"AP1","VZ",7.96708212625773,0,0
"SRR2967465",-58.6579463477466,5.87591175337339,"1",95.6967427259225,"AP1","VZ",0,0.446942207245488,0
"SRR2967470",-45.0697384333648,-34.4302359142922,"5",130.479958107667,"AP2","VZ",7.72069572467801,0,0
"SRR2967471",-79.2746992936827,74.992675872453,"1",323.145917022888,"N3","CP",1.96718336648569,0,4.06635617199915
"SRR2967472",-29.5892834557766,99.0987100629847,"3",323.145917022888,"N3","CP",0,0,9.18456297305405
"SRR2967473",-53.5278317333205,-6.81638494980317,"5",109.624644544929,"AP1","VZ",8.91419674723973,0,0.847614541703534
"SRR2967474",-78.6549959209797,158.455073311292,"3",323.145917022888,"N3","CP",1.47369860714527,0,8.39963681769089
"SRR2967476",-136.672287911259,1.91135201288885,"1",41.1404460263658,"AP1","VZ",9.75796330629734,0,0.246232946511906
"SRR2967477",5.39087562727063,33.4621152178919,"3",323.145917022888,"N3","CP",4.83950615536944,0,7.69868383347854
"SRR2967478",-135.726752483202,26.7477883498538,"1",22.4054228803887,"AP1","VZ",8.37084866582014,5.28966850144771,4.20260578471626
"SRR2967480",54.0247850903891,-29.172124338634,"6",219.925766860493,"BP1","iSVZ",5.07441124023629,0,6.00932477555286
"SRR2967483",-49.6295484592828,-33.743085143972,"5",125.957914810344,"AP2","VZ",8.32260870604071,0,0.998715429694993
"SRR2967484",3.36434678607041,38.5741870458799,"3",323.145917022888,"N3","CP",0,2.68994990407207,3.88020552649924
"SRR2967486",1.31873424424739,-15.2397563808842,"6",186.017598852408,"BP1","iSVZ",4.16765497928152,6.21370110693649,2.64574545977677
"SRR2967488",-76.710892819548,-27.5214567299348,"1",99.5411079222892,"AP1","VZ",7.19157252024231,0,0
"SRR2967491",-62.1062289084477,-24.6259493145292,"5",110.54309880516,"AP1","VZ",7.38866312361939,1.73720217675367,0
"SRR2967492",31.3304408812423,-94.502109844246,"6",191.009414676801,"BP1","iSVZ",0,0,0
"SRR2967493",-9.81596784240472,-1.23666238414783,"3",323.145917022888,"N3","CP",5.00144197417391,0,7.43935717847426
"SRR2967497",-59.0914517741909,-21.177635363651,"5",111.678059566659,"AP1","VZ",5.49505232948411,0,0.434809145261313
"SRR2967498",-58.4421284138261,-19.4362575065202,"5",111.299866882807,"AP1","VZ",5.54187410558094,0,0
"SRR2967499",-40.6188885283829,-39.8789797879491,"5",136.528106034786,"AP2","VZ",7.97407610474345,0,0
"SRR2967502",66.4434223535197,-85.5165943231492,"6",204.475096621879,"BP1","iSVZ",0,6.26912667914942,0.802759014744129
"SRR2967505",2.81249362111494,19.5281731126955,"3",323.145917022888,"N3","CP",0.406616122365117,0,7.57666573516288
"SRR2967507",-42.8195336832022,-32.3610341849733,"5",131.892339109666,"AP2","VZ",7.67041548482643,0,0
"SRR2967508",-1.58930737222427,25.7865870102587,"3",323.145917022888,"N3","CP",4.91923042200893,0,8.04397327192829
"SRR2967509",-74.9252561178258,-22.0519444968872,"5",98.0908047156634,"AP1","VZ",9.04057466968177,0,0
"SRR2967511",-18.1037806488085,-54.6395947381861,"5",160.66655864427,"AP2","VZ",8.2868395736256,0,8.08027924733511
"SRR2967513",-90.8847924151493,-20.8729976858825,"1",84.7925019993009,"AP1","VZ",8.01113219099011,0,0.235811597452753
"SRR2967514",-28.7584118430029,-14.1611898767486,"5",140.190566336963,"AP2","VZ",8.04437226017708,0,2.2296740512169
"SRR2967515",-1.6487965906571,13.506331477579,"4",267.841502787113,"N1","oSVZ",1.84824534930781,1.5172202523349,7.04202046453995
"SRR2967520",-29.4417198910034,-38.4363172071129,"5",146.883438492459,"AP2","VZ",8.23399827461442,0,0
"SRR2967523",-18.7672076389959,62.3760796510907,"3",323.145917022888,"N3","CP",1.4188537858022,0,9.03540396994207
"SRR2967525",2.53848722700632,20.3887492105451,"3",323.145917022888,"N3","CP",7.6582829015306,0,8.77623890534259
"SRR2967527",-53.7526638374973,-28.9303896238296,"5",120.132748026448,"AP1","VZ",6.64724110639582,0,0
"SRR2967528",-1.81208552630544,4.04012180030911,"4",256.899336259501,"N1","oSVZ",0,0,7.35319976746396
"SRR2967531",-12.3833212986026,29.8543263111517,"3",323.145917022888,"N3","CP",0,0.425674135387581,2.10698810969874
"SRR2967539",7.83788536005165,-22.9095396345716,"6",193.338420499253,"BP1","iSVZ",0,7.86832871367108,4.37391264639229
"SRR2967550",4.00237271523825,33.8577400401107,"3",323.145917022888,"N3","CP",0.503171631572836,0,6.26754328867775
"SRR2967551",3.70344947323849,9.62677041360326,"3",323.145917022888,"N3","CP",3.41102348234273,4.92631734591663,8.37549128914474
"SRR2967554",30.9640863890186,1.44281036454011,"6",244.352774224546,"BP2","oSVZ",0,0,5.89497051116694
"SRR2967557",-54.1747293078623,-25.3932661540807,"5",118.237280617686,"AP1","VZ",2.06087055746218,0,0
"SRR2967558",10.6338635757957,17.1235482680395,"3",323.145917022888,"N3","CP",2.39316630207142,0,7.1283243367852
"SRR2967559",-7.77933353121479,23.5543774136674,"3",323.145917022888,"N3","CP",0,2.53140641502552,7.98361499720167
"SRR2967561",-94.5415917172228,-9.52038693190111,"1",75.1328925220097,"AP1","VZ",6.08070669026918,0,0
"SRR2967563",-2.34527610113103,4.39476776087771,"3",323.145917022888,"N3","CP",0.798206495791661,7.00481596433226,3.57473126266284
"SRR2967565",28.8181400029176,-7.38696469444585,"4",235.054803990313,"BP2","iSVZ",0,0,8.76678065430965
"SRR2967567",-8.91964563099113,50.4464586761498,"3",323.145917022888,"N3","CP",1.45093408778932,0,7.34030411318018
"SRR2967571",-78.4216696896379,0.48860436540924,"1",81.002684518799,"AP1","VZ",5.30504757201867,0,0
"SRR2967608",53.2935910288183,-14.5169091926122,"2",229.213889189519,"BP2","iSVZ",3.44830763312097,0,5.80300224372846
"SRR2967609",37.1060453708902,19.6225026013994,"2",260.264299244405,"N1","oSVZ",0,0,1.83789077929931
"SRR2967610",32.1670111625376,23.0772358671749,"2",264.99257545077,"N1","oSVZ",0.813962151533372,0,8.27413117906091
"SRR2967611",-9.83261312015514,-65.7102256414323,"5",168.215544647109,"AP2","iSVZ",0,0,0
"SRR2967612",9.77148269630267,48.6411084935312,"4",297.202597072221,"N2","CP",0,0,7.66156434933973
"SRR2967613",26.3304412495398,9.95170649938754,"4",254.096761171668,"N1","oSVZ",2.68072267474218,0,8.34224804773953
"SRR2967614",28.0336562593099,13.3563805851675,"4",257.041986096494,"N1","oSVZ",0,0,6.62157718992597
"SRR2967615",22.0379033578686,36.7448409442173,"4",281.332393903119,"N2","CP",1.04664471597092,0,7.08614684279903
"SRR2967616",37.9966057822305,10.8706003885224,"2",252.006537346188,"BP2","oSVZ",0,0,9.91020498411519
"SRR2967617",34.3223428315595,8.76397889007366,"4",250.859143904537,"BP2","oSVZ",0,0,6.89933275191366
"SRR2967618",30.222190900982,1.8608629644224,"4",244.901803762567,"BP2","oSVZ",0,0,6.61523235839973
"SRR2967619",-23.5362243079543,-50.6442761399846,"5",155.062135680493,"AP2","VZ",7.90804429022489,0,0
"SRR2967620",26.7397456249098,-1.77075903015214,"4",241.492467364473,"BP2","oSVZ",2.34037141619038,0,6.51833684920503
"SRR2967622",36.4615016671362,10.4606529153417,"2",251.983170102629,"BP2","oSVZ",0,6.67284960165427,7.51222688651396
"SRR2967623",24.3587571896169,6.06266163032107,"4",250.668147139843,"BP2","oSVZ",0,0,9.16163327412423
"SRR2967624",28.0118538596075,2.19438619672835,"4",245.641535245951,"BP2","oSVZ",0,0,7.13357380013935
"SRR2967625",22.4904589165546,12.0264083862852,"4",257.398168262452,"N1","oSVZ",6.07165756905034,0,8.20256464799889
"SRR2967626",30.7438490754141,-2.04702901868187,"4",240.7013823934,"BP2","oSVZ",0,0,8.19515071056471
"SRR2967627",-58.1464240017893,-43.7746150859456,"5",122.312192844783,"AP1","VZ",7.93095609030752,0,1.72748050160355
"SRR2967629",-46.2773486405295,-33.0112651675363,"5",128.804574370167,"AP2","VZ",8.00097461698124,5.36720679596022,0
"SRR2967631",24.6655782465422,9.37168511444935,"4",253.978163970645,"BP2","oSVZ",0,0,7.72640891631263
"SRR2967632",23.6414170947316,23.090255021664,"4",267.932635660345,"N1","CP",1.56129680563397,0,8.32148620186277
"SRR2967633",30.2965749353511,-8.00245367304336,"4",234.376002407881,"BP2","iSVZ",0,0,8.44901654707812
"SRR2967634",63.1814366175342,-42.2825635069412,"6",216.030937488195,"BP1","iSVZ",0,0,6.8638641338615
"SRR2967636",48.244373438169,-1.60005181457648,"2",239.1580274943,"BP2","iSVZ",0,0,4.63646801800987
"SRR2967637",35.0894343514809,-23.5719230963982,"6",218.925131058066,"BP1","iSVZ",1.55350304537744,0,0
"SRR2967638",29.0875513669981,27.8796379362869,"2",270.485857653315,"N1","CP",0,0,9.83689615143732
"SRR2967639",12.4561956210042,-77.0945582517154,"5",183.190497121358,"BP1","iSVZ",4.2815202201894,0,0
"SRR2967641",27.5606744671472,18.7278578784968,"4",262.388597385802,"N1","oSVZ",0,0,6.81707318912508
"SRR2967642",19.9060493860903,37.8852806492608,"2",283.222944676044,"N2","CP",0,0,7.78705366555059
"SRR2967643",33.3978576118091,1.53994399934525,"4",243.958420088402,"BP2","oSVZ",0,0,6.23212732145324
"SRR2967646",-46.815831796364,-40.5487621500359,"5",131.050156726077,"AP2","VZ",7.82035769232217,0,0
"SRR2967647",33.6800162057195,-29.333768036968,"6",213.674990752282,"BP1","iSVZ",1.49569516262407,0.746310186342602,8.59026142440583
"SRR2967649",-19.3640434438036,-49.7254383881074,"5",158.749201705302,"AP2","VZ",7.05752608749873,0,0
"SRR2967650",15.1848108942534,24.7859168560809,"4",272.697840142168,"N2","CP",0,0,7.88097320307306
"SRR2967651",42.5884142898875,7.57250612007603,"2",248.012052514477,"BP2","oSVZ",0,0,8.11781969411411
"SRR2967652",48.604915670256,-22.7176882596796,"6",222.732759824507,"BP1","iSVZ",0,0,7.5257791790998
"SRR2967653",33.352472995334,14.2607869625957,"2",256.366364123154,"N1","oSVZ",0,0,7.07733914690867
"SRR2967654",36.6943898037622,16.5200293849543,"2",257.523323170429,"N1","oSVZ",0,0,6.40892750201028
"SRR2967655",32.2523713631674,0.00867053117141382,"4",242.630131627144,"BP2","oSVZ",4.11467518901482,0,6.77441810410581
"SRR2967656",25.3537460581153,22.4664328462647,"2",266.715444469562,"N1","oSVZ",0,0,9.44669666443632
"SRR2967657",-49.7056509096114,-59.9905203032624,"5",134.623507567738,"AP2","VZ",7.43643671690714,1.00151403506355,0
"SRR2967658",34.3647776068447,11.4426808406527,"2",253.407651650106,"BP2","oSVZ",0,4.35227123661944,7.72381109291049
"SRR2967659",25.6125115549976,22.8192076055056,"4",266.95829962565,"N1","oSVZ",0,0.626185854315552,6.49533700237943
"SRR2967660",-54.1013184700424,-47.3245492365543,"5",126.90143855612,"AP2","VZ",7.91272769744047,0,2.32073016079198
"SRR2967662",-70.5547351982866,-42.1708457371566,"5",111.438082624433,"AP1","VZ",6.45947752184014,0,0
"SRR2967663",-34.772989356064,-39.3134967209345,"5",141.904945062796,"AP2","VZ",7.74777004444254,7.10004203075152,0
"SRR2967664",33.944964566839,14.1504693506063,"2",256.094081987824,"N1","oSVZ",0,0,6.9408949631851
"SRR2967665",19.6358464550324,-27.3570847689407,"6",205.117809781726,"BP1","iSVZ",2.96119175161722,6.74807206076225,8.23354298661292
"SRR2967666",-30.9001683785514,-59.0498982547005,"5",150.308530029837,"AP2","VZ",6.5139107335754,0,0
"SRR2967667",12.0684503942432,51.4593615837681,"2",298.854107719822,"N2","CP",0,0,7.50451711207942
"SRR2967668",21.8853507912555,36.8851796791299,"2",281.521023612535,"N2","CP",0,2.63251950178234,8.66727124117386
"SRR2967669",37.174687995923,12.0176272061952,"2",253.218231935936,"BP2","oSVZ",0,0,7.38242516950915
"SRR2967670",1.69593074892944,-30.1614144079273,"6",181.575457057151,"BP1","iSVZ",5.77845040733805,7.07089375358789,0
"SRR2967671",11.9173495198643,-41.7492379809446,"6",189.466325864298,"BP1","iSVZ",8.82373344065122,6.50615125173804,0
"SRR2967672",31.7750231511919,25.1397945340606,"2",267.028671247718,"N1","oSVZ",0,0,6.38722121487578
"SRR2967673",43.5673180687181,-21.2265354427522,"6",222.99004974342,"BP1","iSVZ",0,0,8.52570089004515
"SRR2967674",39.4231223119327,5.31384927114732,"2",246.461767292437,"BP2","oSVZ",2.75475284434219,0,7.62929104154186
"SRR2967675",-42.8188786397211,-45.069028179522,"5",136.115708251521,"AP2","VZ",7.73127829553117,0,0.66764147634159
"SRR2967676",11.6196150166117,34.9035859240197,"4",283.734364329404,"N2","CP",0,0,8.529001000476
"SRR2967677",-38.0941780665666,-52.4651905272076,"5",142.446594843742,"AP2","VZ",7.80373075495798,0,0
"SRR2967678",-12.2984885837115,-65.9133772106165,"5",166.354653957536,"AP2","iSVZ",8.04891185469019,0,0
"SRR2967679",30.0329502137725,33.2372688188056,"2",275.068933449585,"N2","CP",0,0,7.7167440243229
"SRR2967680",11.2724267832741,4.67888349633135,"2",252.998288649073,"BP2","oSVZ",6.45859198815186,0,7.56241797960253
"SRR2967681",56.5896640549368,-32.8831770179759,"6",218.105618954175,"BP1","iSVZ",0,0,8.1836304194869
"SRR2967682",21.6813499796773,-22.3136470987366,"6",212.812104526079,"BP1","iSVZ",1.99892479162967,0.639359985461823,7.65562373955208
"SRR2967683",-3.72949796916665,-34.6492111159495,"6",174.050141057282,"AP2","iSVZ",6.7574233468218,6.00503837035,3.15165427975436
"SRR2967684",34.3976106400924,18.8953678261363,"2",260.407298065461,"N1","oSVZ",0,1.01611830281732,8.83232041685226
"SRR2967685",21.364620599365,7.33417279984415,"4",252.887189022762,"BP2","oSVZ",0,0,8.66119021336333
"SRR2967686",44.996525320822,7.24972824012916,"2",247.195067568203,"BP2","oSVZ",0,0,7.27468098840457
"SRR2967687",30.9904315863344,29.1446155847204,"2",270.981836499071,"N1","CP",0,0,7.60493863754122
"SRR2967688",-72.1328890778022,-48.3783099171466,"5",112.682153554791,"AP1","VZ",7.7639891211699,0,0
"SRR2967689",-31.8169000470547,-9.3156009693572,"5",134.739372029234,"AP2","VZ",4.86716999285868,0,7.83152260261822
"SRR2967690",30.1341782436298,20.6278024200627,"2",263.356789197333,"N1","oSVZ",0.435365098142416,0,9.12367395530515
"SRR2967691",26.5302141475932,38.2858569862605,"2",281.00444888131,"N2","CP",3.09463469864391,0,8.97309462289202
"SRR2967692",-69.1758895088976,-32.7799316048904,"5",108.309157192003,"AP1","VZ",6.0260696760816,0,1.52956111311572
"SRR2967693",11.064172300184,30.0124022379389,"4",279.332494530921,"N2","CP",0,0,4.64517132804008
"SRR2967694",19.7874061487174,39.8308490780934,"2",285.065807790526,"N2","CP",0,0,7.69687018448984
"SRR2967695",26.6896326426077,13.0450292795226,"4",257.138975812793,"N1","oSVZ",0,0,8.68358768671851
"SRR2967697",2.741142547685,73.8836101528018,"4",323.145917022888,"N3","CP",0.623313457368178,0,7.77567611816387
"SRR2967698",11.8556869393951,16.3710118652497,"4",265.609980754034,"N1","oSVZ",2.59033134651612,0,9.2514753095607
"SRR2967699",-17.0726695040935,-56.4822173168251,"5",161.654917654311,"AP2","iSVZ",9.01647960543209,0,0
"SRR2967700",23.8844748502007,5.39276227527475,"4",250.019104729822,"BP2","oSVZ",0,0,8.55572030957348
"SRR2967701",11.3268796493347,36.0336588354861,"4",284.888621739802,"N2","CP",0,0,9.06452452546505
"SRR2967702",31.173997447887,29.3948164598526,"2",271.149278067438,"N1","CP",0,0,7.43909117035312
"SRR2967703",25.8335535082673,39.4440696804413,"2",282.342442291097,"N2","CP",1.17367753601108,0,9.31617063798318
"SRR2967705",10.0755711794293,40.3743554513421,"4",289.467624174643,"N2","CP",1.90939678330457,0,7.85632592164594
"SRR2967706",30.5449348318336,-15.68219800918,"4",225.507480450883,"BP1","iSVZ",1.22121511414321,0,4.55269061291237
"SRR2967707",30.5108972632951,27.1968543528427,"2",269.36497557206,"N1","CP",1.43391554374854,0,8.66361147049438
"SRR2967708",-18.9304238959204,-55.1336697885775,"5",159.914851363291,"AP2","VZ",9.54749610026649,0,1.3105029963417
"SRR2967709",19.8370050022247,29.5843628119558,"4",275.49658478448,"N2","CP",0,0,7.94496968829531
"SRR2967710",4.06046147062901,-66.8423144263876,"6",178.462455477942,"BP1","iSVZ",8.06644443728626,4.52573690353794,0.290180198510082
"SRR2967711",43.758213893054,6.991431082148,"2",247.200198241277,"BP2","oSVZ",0,0,6.70825622323128
"SRR2967712",3.43046980537639,43.8312506951078,"4",323.145917022888,"N3","CP",1.12264621672004,0,6.66099419864678
"SRR2967713",19.2683643592129,33.8810108638808,"4",279.74832650599,"N2","CP",0,0,8.35448742351976
"SRR2967714",-45.8256551762353,-26.1049254455068,"5",126.50897356651,"AP2","VZ",8.75498100714516,0,7.44571842795547
"SRR2967715",-0.897099231549612,-49.3656687971776,"5",176.009692281474,"AP2","iSVZ",3.1441883473233,0.440613138139976,4.07435129404382
"SRR2967716",23.1987280628623,38.6619630102842,"2",282.646928328711,"N2","CP",0,0,6.81528081439061
"SRR2967717",36.6527102651975,12.8146907700059,"2",254.125040047475,"N1","oSVZ",0,0,7.88028757841996
"SRR2967718",33.8393418313225,-31.6820447410555,"6",212.12756849695,"BP1","iSVZ",5.9694245130107,6.71825201551371,2.20544256225305
"SRR2967719",26.7344216387705,-19.7530594500083,"4",219.430256090323,"BP1","iSVZ",6.87356715162175,2.17849156782231,0
"SRR2967720",26.9702348953377,27.7241905351361,"2",271.102290721618,"N1","CP",0,0,7.14129994372953
"SRR2967721",28.9760639129227,20.4808186211373,"4",263.602558338301,"N1","oSVZ",0,0,9.00347855895508
"SRR2967722",-56.6355822973973,-51.6887892847988,"5",126.443835204441,"AP2","VZ",8.37408746006297,0,0
"SRR2967723",24.4880197880266,-12.6400586652806,"4",228.494694453006,"BP2","iSVZ",0.463643380486108,0,2.45417852583858
"SRR2967724",-73.3158244171946,-38.3140856853196,"5",107.406713597041,"AP1","VZ",7.74840756031514,0,0
"SRR2967726",36.8135585024616,24.9819199289439,"2",265.155214790541,"N1","oSVZ",0,0,7.66962918039576
"SRR2967727",29.1733689552456,38.5983466672573,"2",280.293496189316,"N2","CP",0.805160357303391,0,6.55440313110712
"SRR2967728",-15.2646960985667,-59.0626017679679,"5",163.255570286011,"AP2","iSVZ",8.34241251695245,0,0
"SRR2967729",34.5768121998267,21.0014382853041,"2",262.292092400957,"N1","oSVZ",0,0.525668007375278,9.09776089398994
"SRR2967730",30.1339295094755,-10.0192626818775,"4",232.187955701804,"BP2","iSVZ",0.784213320746246,0,8.60569803554898
"SRR2967731",-56.3653328405823,-21.3070916180855,"5",114.248043048311,"AP1","VZ",7.33585480093028,0,0
"SRR2967732",24.3454724490061,11.699866714912,"4",256.438191326119,"N1","oSVZ",0,0,0
"SRR2967733",-5.98663021280971,-62.1925566921952,"5",171.142650653775,"AP2","iSVZ",7.77828743876744,1.32371592851016,0.300775060516194
"SRR2967734",5.15256851346054,31.3618464369826,"4",283.016338209839,"N2","CP",0,0.636200942476244,4.94405724658395
"SRR2967735",-51.1711499685607,-50.8070228360703,"5",130.715325752297,"AP2","VZ",8.95963396894189,0,0
"SRR2967737",25.312945660496,23.0632898374615,"2",267.290196541219,"N1","oSVZ",1.42892491181487,0,7.59846198128186
"SRR2967738",39.4379528462911,11.9627979487066,"2",252.566215425762,"BP2","oSVZ",0.417664057920012,0,7.46011182012735
"SRR2967739",-21.7122560272864,-56.8763044851618,"5",157.579164837879,"AP2","VZ",9.18550483534928,0,0
"SRR2967741",14.8083531702835,31.7318796322673,"4",279.479756248922,"N2","CP",5.98154901621219,0,8.36094362632095
"SRR2967742",-38.1478201795716,-26.5803196049391,"5",134.476902165121,"AP2","VZ",5.57043560699758,6.24332062620892,6.68375258920821
"SRR2967743",-27.5949493051122,-36.8663578503942,"5",148.345736705985,"AP2","VZ",7.69741243344546,6.36351453505228,0.296931913591309
"SRR2967744",25.756261959392,13.469519909031,"4",257.818803847141,"N1","oSVZ",2.37332247206552,0,7.69554150852693
"SRR2967745",16.9693516055834,54.5385368298419,"2",299.672519507258,"N2","CP",0,0,9.0022440116031
"SRR2967746",-60.2472980079463,-35.6761002072306,"5",117.227059391501,"AP1","VZ",8.79398364296108,0,0
"SRR2967747",32.0310068967134,34.6225885482252,"2",275.605968377998,"N2","CP",0,0,6.82617982207454
"SRR2967749",31.1766801235039,31.0309774140003,"2",272.633061017878,"N1","CP",0,0,8.16190279432681
"SRR2967750",26.6827208496448,-10.5594814364938,"4",231.219147642634,"BP2","iSVZ",0,0.430948920629248,0.841176096526681
"SRR2967751",14.7088137556798,49.4096626177648,"4",295.898543573417,"N2","CP",1.55253938360166,0,8.23100992204362
"SRR2967752",26.1411380951959,34.4870026262935,"2",277.673993183381,"N2","CP",0,0,7.71570121800128
"SRR2967753",40.5161155592479,21.3735984798189,"2",260.832152502254,"N1","oSVZ",0,0,8.68476965591893
"SRR2967754",26.3364342949017,-11.1462669365587,"4",230.618971636795,"BP2","iSVZ",0,0,6.31548290633297
"SRR2967755",34.7386930298089,27.2301620996543,"2",267.9113045399,"N1","oSVZ",0,0,5.97904442794233
"SRR2967756",16.2854427668125,18.9250854336651,"4",266.492998230807,"N1","oSVZ",0,0,6.52793828194386
"SRR2967757",20.3128697030227,-38.3281385617211,"6",198.441864317092,"BP1","iSVZ",0,2.4067026440554,0.28519741561468
"SRR2967758",48.4509266866721,4.65212180060882,"2",244.245897809967,"BP2","oSVZ",0,0,6.99020609794419
"SRR2967759",38.0498233988033,-0.16122277256441,"4",241.627830910679,"BP2","oSVZ",0,0,8.02780649692911
"SRR2967761",2.74976113087274,-62.3337317672967,"5",177.734910306376,"BP1","iSVZ",8.50186504357204,0,0.303356423868461
"SRR2967762",26.0641515349084,5.31724508553707,"4",249.439026240528,"BP2","oSVZ",0,0,7.67938860862628
"SRR2967763",75.495221645356,-62.1257054850169,"6",212.160207510805,"BP1","iSVZ",0,0,10.0370938958061
"SRR2967764",-77.6678585999788,-34.9581579644435,"5",102.543722620763,"AP1","VZ",9.08517764921893,0,2.39372370832223
"SRR2967765",35.2362620242375,-1.42016216199252,"4",240.742805575828,"BP2","oSVZ",0.480599126755917,0,9.67344865595961
"SRR2967766",27.9816728284561,23.2795119456571,"2",266.579615271415,"N1","oSVZ",1.85097539958901,0,8.76185702478967
"SRR2967767",9.90274600798698,59.7513314709216,"2",307.313455129031,"N2","CP",0,0,8.98993088681434
"SRR2967768",24.9926686000137,5.40360433310733,"4",249.772068670421,"BP2","oSVZ",0.715034085322536,0,5.32126430248459
"SRR2967769",-26.7784187383967,-17.8662661614662,"5",143.49447393186,"AP2","VZ",7.02793916159192,7.91991804588224,1.56212272900062
"SRR2967770",11.8180835399927,30.9949817633469,"4",279.949556810002,"N2","CP",0,0,0
"SRR2967771",33.9407660699124,23.4831467248813,"2",264.786699778368,"N1","oSVZ",0.674155990178035,0,2.30936830114496
"SRR2967772",33.288072904566,-15.5184909994131,"6",226.344772800348,"BP1","iSVZ",0.263361379654095,0,6.6876206320849
"SRR2967773",26.4725356521708,-26.0623941803827,"6",212.371754744945,"BP1","iSVZ",3.16333448756099,0.23106001235101,8.71664800788143
"SRR2967774",37.0353711681113,0.0106921027321508,"6",241.926063498545,"BP2","oSVZ",0,0,1.73833982782179
"SRR2967775",27.4129604108416,30.7456360832175,"4",273.749976123287,"N2","CP",0,0,5.86323476683399
"SRR2967776",35.6525726316557,-9.02699082094991,"6",233.116929973913,"BP2","iSVZ",5.68077161299939,0,6.65605439884875
"SRR2967777",9.7959451581937,31.4893205708239,"4",281.253151971349,"N2","CP",0,0,7.20072208779512
"SRR2967778",-46.1685962948635,-46.2037358714895,"5",133.400100563961,"AP2","VZ",8.42060029755801,0,0.814017953310434
"SRR2967779",22.5497147146513,18.9933952097608,"4",264.332602199076,"N1","oSVZ",7.60539802849224,0.192026209388621,5.75527484049709
"SRR2967780",41.624462020809,-36.4399894827269,"6",212.205794485624,"BP1","iSVZ",3.84718516226996,0,5.88448802974188
"SRR2967781",36.6843428859508,-15.1890053682635,"6",227.096092880732,"BP1","iSVZ",1.5402207401447,0,7.76141161003933
"SRR2967782",30.0006821322564,8.00299179600717,"4",251.174607556891,"BP2","oSVZ",1.74937979985679,0,8.44107673469862
"SRR2967783",-45.9197040316136,-26.058668634374,"5",126.404351296493,"AP2","VZ",5.75116911049836,6.83838455835769,1.09870925353664
"SRR2967784",49.5956809031769,-8.65471128277155,"6",233.329425347285,"BP2","iSVZ",1.48420517177279,0,8.4826547063469
"SRR2967786",50.0153907867979,-37.091753713765,"6",214.610796777806,"BP1","iSVZ",2.18260014004376,0.227142189990109,2.22063951287686
"SRR2967787",-43.6606758084775,-34.5908176550552,"5",131.882049437832,"AP2","VZ",7.85418894139438,0,0.687479098830556
"SRR2967788",38.6225751486111,-27.8257479817159,"6",216.666663588263,"BP1","iSVZ",8.03737673061382,0,4.20038664552056
"SRR2967789",19.0267861060434,24.3998173587517,"4",270.857163242507,"N1","CP",0,0,7.46539498531407
"SRR2967790",43.0275348402022,-44.2988407375093,"6",210.211019348252,"BP1","iSVZ",4.77495042403649,0,8.61573261725984
"SRR2967791",42.4779271437195,-7.79154772311054,"6",234.06031912448,"BP2","iSVZ",0,0,8.62645008828814
"SRR2967792",36.3292454868079,-1.76489378497233,"6",240.259802568668,"BP2","oSVZ",1.83783427898999,0,6.75412587877914
"SRR2967793",21.4081398153208,29.1242691642378,"4",274.482017745195,"N2","CP",1.37633484166715,0,4.84739064689792
"SRR2967794",7.7053135087796,-63.0717425885898,"6",181.385063280552,"BP1","iSVZ",6.79230877344294,8.43122596339994,0
"SRR2967795",35.8369525265497,-13.1852057116968,"6",228.971561517221,"BP2","iSVZ",0,0,5.88062430981438
"SRR2967796",55.233167858271,-46.5657653987868,"6",212.160207510805,"BP1","iSVZ",0,0,8.70007553040082
"SRR2967797",20.023564355438,20.2514189495564,"4",266.459286889695,"N1","oSVZ",0,0,5.93631756624875
"SRR2967798",49.0667516054679,-41.2343854910895,"6",212.375676978074,"BP1","iSVZ",0,0,7.80219321694183
"SRR2967799",38.6201814487297,-19.2790397176198,"6",223.712130177343,"BP1","iSVZ",0,0,10.2253520607761
"SRR2967800",40.8765221098557,-17.0397408359981,"6",225.819124146822,"BP1","iSVZ",0,0,7.83643544325425
"SRR2967801",-2.8035016291213,-31.0546065534254,"6",175.563767276775,"AP2","iSVZ",4.59680994441014,7.66973546279798,0.29995264155153
"SRR2967802",46.1619803257975,-29.8264214336724,"6",217.974987535029,"BP1","iSVZ",0,0.3168095768993,6.27595313324529
"SRR2967803",50.2661164549664,-16.7069250882531,"6",227.287327924735,"BP1","iSVZ",5.31290836101106,0,4.38814130872205
"SRR2967804",52.1204669846676,-53.9101501092422,"6",209.81987745707,"BP1","iSVZ",4.26975880116303,0,0.214287721197304
"SRR2967805",47.8330587433941,-27.742920811954,"6",219.694325050358,"BP1","iSVZ",0,0,6.08829003210202
"SRR2967806",41.0842874225082,-16.9018492700538,"6",225.94651801932,"BP1","iSVZ",0,0,6.98555735370211
"SRR2967807",40.0842171233317,-43.1332235675429,"6",208.959400306746,"BP1","iSVZ",0,1.24040592611104,7.25022260927865
"SRR2967808",43.3740937396333,-33.5100793442447,"6",214.501845994303,"BP1","iSVZ",0,0,8.86202357799578
"SRR2967809",45.1896359094382,-42.3761778080996,"6",210.654453758123,"BP1","iSVZ",0,0,7.07545775626114
"SRR2967810",-20.9643179602254,-44.4918230480588,"5",156.504602754193,"AP2","VZ",7.69966267312664,0,0.774215665577309
"SRR2967811",35.8930543356981,11.5141155182393,"2",253.071964380018,"BP2","oSVZ",0,0,4.16519644199483
"SRR2967812",37.8403636993981,-18.8697928404516,"6",223.846588252259,"BP1","iSVZ",7.32385641023094,0,7.10195466704688
"SRR2967813",42.0644322454574,-1.8250404486043,"2",239.60256436589,"BP2","oSVZ",0,0,5.41105671118711
"SRR2967814",37.6104719927723,-15.0798655089938,"6",227.320111574551,"BP2","iSVZ",1.8031898317851,0,8.51731113015255
"SRR2967815",47.7913398238999,-8.2627909908432,"6",233.741993999018,"BP2","iSVZ",0,0,9.39352560321432
"SRR2967816",-0.886350822495429,-20.4529073759573,"6",180.529377360446,"BP1","iSVZ",7.31944632940715,0,6.95399850799128
"SRR2967817",38.7172961397262,-25.3653383404551,"6",218.579919138311,"BP1","iSVZ",1.13963320511453,0,0.159856486022932
"SRR2967818",37.2369345680697,-18.7606592731503,"6",223.846588252259,"BP1","iSVZ",0,0,6.74965493414116
"SRR2967819",35.9777318119364,-27.9253112246026,"6",215.77406030905,"BP1","iSVZ",1.76449478255154,0,5.55364311607809
"SRR2967820",-34.7609438996484,-20.8478561678092,"5",135.948778172088,"AP2","VZ",7.87170198348577,7.30452929441515,6.4262530117877
"SRR2967821",29.76474828054,19.4773233368432,"2",262.391655043517,"N1","oSVZ",0,0,7.42148420647325
"SRR2967822",21.944041576143,26.5570482851728,"4",271.862705659756,"N1","CP",1.08138053504893,0,6.34890339120653
"SRR2967823",45.0053442705455,-28.0663497910963,"6",218.360906371868,"BP1","iSVZ",0,0,8.18067500748345
"SRR2967824",36.8165898443742,16.1931179839476,"2",257.174941146457,"N1","oSVZ",0,0,8.36911745859982
"SRR2967825",-45.0899056356693,-17.0608307441718,"5",123.448518082945,"AP2","VZ",8.31512238407175,7.0566377151132,1.15019570759408
"SRR2967826",59.8658479313043,-14.9424375769143,"2",229.380661596866,"BP2","iSVZ",1.42351363145624,0,6.71311840136957
"SRR2967827",32.3416824194111,24.2520008813608,"2",266.000520197931,"N1","oSVZ",0,0,4.81513476578376
"SRR2967828",23.8799031922766,22.6318224056269,"4",267.419647805174,"N1","oSVZ",0.288812120283414,0,5.62186725985977
"SRR2967829",38.0414947714667,11.5985583881413,"2",252.584648229529,"BP2","oSVZ",1.68991189619847,0.322019270332833,7.46314832442483
"SRR2967830",32.4795097199666,18.3105386660274,"2",260.44209490829,"N1","oSVZ",0,0,7.63563106633824
"SRR2967831",24.668546497147,39.9946549671893,"2",283.292928240231,"N2","CP",0,0,7.1643538713639
"SRR2967832",36.258099013684,18.9158508063964,"4",259.853382563241,"N1","oSVZ",0,0.174947088142346,8.19381116075549
"SRR2967833",28.4790715366404,-0.654656174425207,"4",242.579022365468,"BP2","oSVZ",1.05868361736202,0,9.21942992473903
