"cell_id","Component_1","Component_2","State","Pseudotime","stage_group","paper_like_label","PAX6","EOMES","MYT1L","Zone"
"SRR2967100",-12.7525287877756,0.884987158327084,"5",32.5861588082302,"N_like","N1",0,0,0,"oSVZ"
"SRR2967101",-18.8936229551268,-1.27651993871037,"5",39.0487039582916,"N_like","N1",4.65579830798316,0,0.395418218238322,"CP"
"SRR2967102",-20.1610303129153,-1.82368857979035,"5",40.4190603822656,"N_like","N1",0,0,0.0549100028945583,"CP"
"SRR2967103",-14.6315088037054,-0.609096169446626,"5",34.7516558213105,"N_like","N1",8.31107618720836,0,0,"CP"
"SRR2967104",-19.4316581946347,-1.37221258990714,"5",39.5919900201694,"N_like","N1",6.83780451454433,0,0,"CP"
"SRR2967105",-19.8325577934429,-1.86719946321909,"5",40.1161100779308,"N_like","N1",6.85600215145915,0,0,"CP"
"SRR2967106",-19.7134206382642,-1.37311441064031,"5",39.8626366711185,"N_like","N1",6.622174846072,0,0.0335106794902187,"CP"
"SRR2967107",-1.59764079255808,1.90386076888136,"4",21.2609276642521,"BP_like","BP1",3.41768781889372,0,5.58181519728167,"oSVZ"
"SRR2967108",-19.1900680254186,-1.12100785916637,"5",39.2893926504067,"N_like","N1",0.389445664344635,0,0.110097399467301,"CP"
"SRR2967109",-13.6729283018007,-0.130939894363309,"5",33.7085101049209,"N_like","N1",0,0,0,"CP"
"SRR2967110",2.05846784633311,3.54940020405324,"4",17.4557712787376,"BP_like","BP1",8.44750894444977,0,0.272561933561353,"oSVZ"
"SRR2967111",-19.0458857347402,-1.29671822602153,"5",39.2005151947986,"N_like","N1",6.22996854099564,0,0.29313972872319,"CP"
"SRR2967112",-20.9233279476303,-2.17430908682091,"5",41.2492580654086,"N_like","N1",2.54726472981205,0,0,"CP"
"SRR2967113",-6.85486982603628,1.02221190390189,"4",26.6869984041176,"BP_like","BP1",5.84590899892936,0,0,"oSVZ"
"SRR2967114",-18.8500846848544,-1.83919811591091,"5",39.1653940368676,"N_like","N1",4.74695226963796,1.38707022209029,0,"CP"
"SRR2967115",-17.1482268274289,-0.957504034435689,"5",37.2831941077765,"N_like","N1",6.56650923370573,0,0,"CP"
"SRR2967116",-19.0321858580524,-1.16487333368652,"5",39.1502380408358,"N_like","N1",0.454623375161987,0,0,"CP"
"SRR2967117",-19.5176547847363,-1.45367416576445,"5",39.6974593275834,"N_like","N1",6.1069994123413,0,0,"CP"
"SRR2967118",-20.0213883451838,-1.63450757395894,"5",40.2317846323367,"N_like","N1",0.705533859156289,0,0,"CP"
"SRR2967119",-18.2728618342468,-0.966959981774441,"5",38.3670819100316,"N_like","N1",6.16711100727426,0,0.716086595299354,"CP"
"SRR2967120",-20.525652497678,-1.95040024628595,"5",40.8046200079869,"N_like","N1",3.53758184400397,0,0,"CP"
"SRR2967121",6.70704290990037,4.80512778818171,"3",13.1365484355078,"BP_like","BP2",0.275594736590475,0,0.41269482556661,"iSVZ"
"SRR2967122",-19.9341336284148,-1.53807749613806,"5",40.1208980174294,"N_like","N1",4.78900407055519,0,0.195845210783651,"CP"
"SRR2967123",-19.8752376833145,-1.54285078905976,"5",40.0657245584897,"N_like","N1",4.68130869971433,0,0.042734818163002,"CP"
"SRR2967124",-19.2295017637645,-1.28183556676469,"5",39.372537296243,"N_like","N1",5.07380309904454,0,0,"CP"
"SRR2967125",1.8743851908325,2.86983883737413,"4",17.67644963166,"BP_like","BP1",4.86711067293936,8.05495155396071,0.425235846977779,"oSVZ"
"SRR2967126",-19.5959927275065,-1.42989432758796,"5",39.7659371477863,"N_like","N1",2.09831848741411,0,0.489408318927453,"CP"
"SRR2967127",-18.9553016879022,-2.02474637081172,"5",39.3186210957262,"N_like","N1",1.52451005962833,2.52929373565811,3.92558173585055,"CP"
"SRR2967128",-18.8661581235814,-1.1205538881075,"5",38.9784240229666,"N_like","N1",6.33207415419687,0,0,"CP"
"SRR2967129",-19.2484672164287,-1.30073347673299,"5",39.3960617686417,"N_like","N1",3.47257874936245,0.186994893915039,0,"CP"
"SRR2967130",-6.06741416111834,2.49796229321639,"4",25.6019159591861,"BP_like","BP1",0,0,0.40390574879672,"oSVZ"
"SRR2967131",-20.1224126396982,-1.67671799494123,"5",40.3406169337936,"N_like","N1",6.96547262887322,0,0.311084545314369,"CP"
"SRR2967132",-12.2032613454127,0.373672265881949,"5",32.1620415746304,"N_like","N1",6.63288908065804,0,0.247199604090595,"oSVZ"
"SRR2967133",-6.93236175822725,2.2377696716015,"4",26.4818923726685,"BP_like","BP1",5.08164640615971,0,0,"oSVZ"
"SRR2967134",-19.4376923403006,-1.35456187086035,"5",39.5928108881983,"N_like","N1",0,0,0.371845421687431,"CP"
"SRR2967135",-19.3592356552639,-1.6638335764294,"5",39.604619312573,"N_like","N1",6.13955544514488,0,0,"CP"
"SRR2967136",-18.2067894975208,-0.923659127796351,"5",38.2916046415828,"N_like","N1",0,0,0.163221759774586,"CP"
"SRR2967137",-19.5826525712861,-1.55667729106466,"5",39.7888405982402,"N_like","N1",7.0932432419615,0,0.262730205560434,"CP"
"SRR2967138",-2.2414723617099,2.80930680226562,"4",21.7792552873337,"BP_like","BP1",1.71165348425964,0,0,"oSVZ"
"SRR2967139",-14.4091325317625,0.168979052259986,"5",34.3540152793181,"N_like","N1",0.320036347562056,0,0,"CP"
"SRR2967140",-20.6599876380488,-2.13667534232061,"5",40.9859742634606,"N_like","N1",6.79414289822295,0,0.268493082342792,"CP"
"SRR2967141",-20.0463017513421,-1.7740148219254,"5",40.2949816909619,"N_like","N1",9.00384675006962,0,0,"CP"
"SRR2967142",-19.2252417288767,-2.44800512984388,"5",39.696875429789,"N_like","N1",0.311825099298426,0,2.98123526687257,"CP"
"SRR2967143",-2.52855521637716,1.85102054670497,"4",22.194451422045,"BP_like","BP1",4.12123095997784,0,6.45759265034009,"oSVZ"
"SRR2967144",-19.1902902695432,-1.33942055753732,"5",39.3511244183611,"N_like","N1",0,0,0,"CP"
"SRR2967145",-19.1674764599435,-1.9340832914984,"5",39.4967106799272,"N_like","N1",3.46789243040228,0,6.62574098376052,"CP"
"SRR2967146",-12.9531153081276,0.161422218216096,"5",32.9397272036103,"N_like","N1",2.55361362863965,0,0.221853577172156,"oSVZ"
"SRR2967147",-20.0250072452994,-1.76172615188304,"5",40.271084771412,"N_like","N1",0,0,2.71890955437923,"CP"
"SRR2967148",-6.62417957768602,1.71554023960366,"4",26.2788645381981,"BP_like","BP1",6.37430746905379,0,0,"oSVZ"
"SRR2967149",-19.5505753095573,-1.27358122256102,"5",39.678330899743,"N_like","N1",1.12575027527206,0,0,"CP"
"SRR2967150",-20.4184325494434,-1.95441569063904,"5",40.7028683443647,"N_like","N1",4.72752297816116,0,0,"CP"
"SRR2967151",-19.4138599698867,-2.36405775078425,"5",39.8542404641991,"N_like","N1",1.60141127674479,0,7.27448531756955,"CP"
"SRR2967152",-14.2924833539827,-0.63255581130605,"5",34.4273858571182,"N_like","N1",6.12431159023943,0,0,"CP"
"SRR2967153",-19.4181666986645,-1.47406959585865,"5",39.6077317309161,"N_like","N1",1.83216899270921,0,0.247431748628009,"CP"
"SRR2967154",-19.1210275032926,-1.56365183104486,"5",39.3478053792187,"N_like","N1",1.60456953690769,0,0,"CP"
"SRR2967155",-20.1807070556571,-1.6154058440601,"5",40.3792884993629,"N_like","N1",8.10252691404613,0,0,"CP"
"SRR2967156",-19.4395637258106,-1.4090202483339,"5",39.6099466374455,"N_like","N1",5.76601468086801,0,0.163252680272661,"CP"
"SRR2967157",-20.4387798306113,-1.84270195299577,"5",40.6909331045839,"N_like","N1",7.31586507025002,0,0,"CP"
"SRR2967158",-19.9348256078404,-1.57527860346419,"5",40.1320413086511,"N_like","N1",6.82098307268471,0,0,"CP"
"SRR2967159",-11.783579691702,-0.693378262927376,"6",32.5329402715767,"N_like","N2",3.98449821071551,0,5.8745535458941,"oSVZ"
"SRR2967160",-19.6645255754385,-1.66688632069315,"5",39.8984458201238,"N_like","N1",6.9055795520906,0,0,"CP"
"SRR2967161",-20.420202926511,-1.71546910282113,"5",40.6372774743889,"N_like","N1",7.65776860739351,0,0,"CP"
"SRR2967162",-18.8346828834055,-1.5684791270901,"5",39.0743641315978,"N_like","N1",8.00182475642587,0,0,"CP"
"SRR2967163",6.9314006094427,4.65531851063861,"3",13.0704832690453,"BP_like","BP2",1.74922102403568,0,0,"iSVZ"
"SRR2967164",-21.0703480636446,-2.04368233275352,"5",41.3535463605239,"N_like","N1",8.89510869767674,0,0,"CP"
"SRR2967165",-19.0336270210702,-1.58247043353813,"5",39.2692235651175,"N_like","N1",1.1819993833034,0,0.271756728849581,"CP"
"SRR2967166",-19.5356322580767,-1.49085682512734,"5",39.725180964601,"N_like","N1",8.74839749646367,0,0,"CP"
"SRR2967167",-0.177772407801418,3.22439878136274,"4",19.6816038773599,"BP_like","BP1",5.34524023111481,0,0,"oSVZ"
"SRR2967168",1.99630508083358,3.71869461043093,"4",17.5086649914577,"BP_like","BP1",1.12141333091586,0,0.193174990700651,"oSVZ"
"SRR2967169",-19.2171654665997,-1.38500420725845,"5",39.3897555709195,"N_like","N1",4.85989502692444,0,0,"CP"
"SRR2967170",-19.2832691394634,-1.28704864841789,"5",39.4256042950598,"N_like","N1",1.83330302141192,0,0,"CP"
"SRR2967171",-19.8285490504934,-1.63272449465799,"5",40.0462318917732,"N_like","N1",2.88809248929835,0,0,"CP"
"SRR2967172",-19.875817736637,-1.44907746062463,"5",40.0398726707514,"N_like","N1",5.47289387844386,0,0,"CP"
"SRR2967173",-18.9998573665783,-1.05592790874463,"5",39.0885270344664,"N_like","N1",4.34923079720096,0,0,"CP"
"SRR2967174",-19.7192117612339,-1.64286770859842,"5",39.944160509109,"N_like","N1",8.18257312725516,0,0,"CP"
"SRR2967175",-20.1941509078091,-1.85703318804086,"5",40.4602315827539,"N_like","N1",8.42241803598829,0,0,"CP"
"SRR2967176",-20.0518661182553,-1.71359676259864,"5",40.2833050596609,"N_like","N1",5.01752555769777,0,0,"CP"
"SRR2967177",-18.9265757850749,-1.33725892236104,"5",39.0974332171141,"N_like","N1",0.219154267726657,0,0.175306144394348,"CP"
"SRR2967178",-19.5370946143111,-2.13936577488682,"5",39.9092200803301,"N_like","N1",5.51151231632917,3.03448689961008,5.41213453814433,"CP"
"SRR2967179",-18.9665644998105,-1.29232355424101,"5",39.1231551570821,"N_like","N1",0,0,0,"CP"
"SRR2967180",-19.9729438314394,-1.63804714472916,"5",40.1862935016909,"N_like","N1",5.21891675305186,0,0,"CP"
"SRR2967181",-19.901034271427,-1.88610973411838,"5",40.1871480004917,"N_like","N1",0.470970974844288,0,0,"CP"
"SRR2967182",-19.4528530858775,-1.56202383631355,"5",39.6657855731113,"N_like","N1",4.65358745622635,0,0,"CP"
"SRR2967183",-17.1648003754863,-0.725129773596418,"5",37.2367425804751,"N_like","N1",6.49312691442892,0,0,"CP"
"SRR2967184",-6.29534761805692,2.17136825866567,"4",25.8763670393997,"BP_like","BP1",9.38140018868992,0,0,"oSVZ"
"SRR2967185",-19.3440210235784,-1.54353923835162,"5",39.5561412655668,"N_like","N1",1.44713481506982,0,0.215817734651394,"CP"
"SRR2967186",-20.4311205921206,-1.86847401096324,"5",40.690839824596,"N_like","N1",9.15258146439443,0,0,"CP"
"SRR2967187",-20.6955058534309,-2.0175721912908,"5",40.9865177054384,"N_like","N1",6.34758770898189,0,0,"CP"
"SRR2967188",6.89094069959744,4.82574230263173,"3",13.2175534744581,"BP_like","BP2",0,0,0,"iSVZ"
"SRR2967189",-19.7223733472561,-1.87589501708139,"5",40.0128206404293,"N_like","N1",7.58520292985943,0,0,"CP"
"SRR2967190",-19.3148440888889,-1.39488807185327,"5",39.4862770997159,"N_like","N1",5.14534323288774,0,0,"CP"
"SRR2967191",-16.7557383495248,-0.407005795225939,"5",36.7583523706235,"N_like","N1",6.79364882457398,0,0,"CP"
"SRR2967192",-8.51600889102072,1.20744552263266,"4",28.2569692346605,"N_like","BP1",8.30321451623487,0,0,"oSVZ"
"SRR2967193",-7.1024192735786,2.18126320962884,"4",26.6431264713364,"BP_like","BP1",4.14438089246299,0,0,"oSVZ"
"SRR2967194",-1.52404732655349,1.91173832294541,"4",21.1869349791712,"BP_like","BP1",4.13132607460659,0,1.37630149804802,"oSVZ"
"SRR2967195",-19.0649941634919,-1.70322599719742,"5",39.3333402604706,"N_like","N1",6.62515503407812,0,0.0369521258281847,"CP"
"SRR2967196",-10.8272602464541,0.88118480801919,"4",30.5657635651305,"N_like","BP1",8.27038410497371,0,0,"oSVZ"
"SRR2967197",-19.7453913613066,-1.58581350003473,"5",39.9532158376528,"N_like","N1",0.662029539386064,0,0.472203883536159,"CP"
"SRR2967198",-19.911717880186,-1.62580008528614,"5",40.1240939692844,"N_like","N1",6.77304687128231,0,0,"CP"
"SRR2967199",-20.2463586414562,-1.93463666899906,"5",40.5321830364683,"N_like","N1",6.46596467242305,0,0.786635669568022,"CP"
"SRR2967200",-19.1426122045451,-1.41339845537646,"5",39.3262024864716,"N_like","N1",8.33209922420911,0,0,"CP"
"SRR2967201",1.62058658312342,3.43344884732791,"4",17.8919112039595,"BP_like","BP1",0.264417527611016,0,0,"oSVZ"
"SRR2967202",-18.9638100842036,-1.96136159520275,"5",39.3089327141392,"N_like","N1",0.972205915030136,2.79545319397991,0.133532488394518,"CP"
"SRR2967203",-19.0268796727806,-1.76751488226697,"5",39.3148652970286,"N_like","N1",7.31494118308921,3.57785175516093,4.17235949784814,"CP"
"SRR2967204",-19.812785269971,-1.57327120951152,"5",40.0143581496629,"N_like","N1",2.33732004166584,0,0,"CP"
"SRR2967205",-19.3091328670342,-1.25848844799155,"5",39.442381508118,"N_like","N1",0,0,0,"CP"
"SRR2967206",-19.451293948917,-1.64838600686941,"5",39.6886110604147,"N_like","N1",6.12873056508178,0,0,"CP"
"SRR2967207",-4.67311860936676,2.30294902066221,"4",24.2565390624853,"BP_like","BP1",1.62057233530965,0,0,"oSVZ"
"SRR2967208",-13.346882148053,0.160973602114701,"5",33.3227251383173,"N_like","N1",0,0,3.7022696700075,"oSVZ"
"SRR2967209",-19.3208978724763,-1.42833901949443,"5",39.5015104371008,"N_like","N1",1.82229778443711,0,0.22279714357097,"CP"
"SRR2967210",-19.0032255403916,-1.18436009221558,"5",39.1279332830798,"N_like","N1",0,0,0.420304530168999,"CP"
"SRR2967211",-18.9841220724136,-1.10110259709661,"5",39.0861469325338,"N_like","N1",3.69116562763225,0,0,"CP"
"SRR2967212",-16.783834856486,-0.790867580190295,"5",36.8874374144951,"N_like","N1",7.64177721169212,0,0,"CP"
"SRR2967213",-19.2417672936249,-1.37043740694328,"5",39.4092624037413,"N_like","N1",7.15464598779768,0,0.227867968285197,"CP"
"SRR2967214",-19.723055607299,-1.2980173410432,"5",39.8507324001929,"N_like","N1",5.63785075262826,0,0,"CP"
"SRR2967215",-18.5734612496392,-2.14137840065768,"5",38.9850306862747,"N_like","N1",0,0,2.87600608068978,"CP"
"SRR2967216",-15.4640401496049,-0.118006052761633,"5",35.4413987389761,"N_like","N1",7.00648878459005,0,0.203222459799448,"CP"
"SRR2967217",-9.09531498437325,1.84927509964556,"4",28.635986110944,"N_like","BP1",0,0,0.210962337071888,"oSVZ"
"SRR2967218",7.67149372399195,5.30415592351709,"3",13.9297218866685,"BP_like","BP2",0,0,0.290420864952437,"iSVZ"
"SRR2967219",-19.2867214610046,-1.72252523244989,"5",39.551560529486,"N_like","N1",1.57838809009031,0,0.191643499996258,"CP"
"SRR2967220",-19.438558966819,-1.46288030298728,"5",39.624150435644,"N_like","N1",1.46390490031267,0,0,"CP"
"SRR2967221",-19.2045616090713,-1.40192353724491,"5",39.3824236519018,"N_like","N1",7.14815114465578,1.25337213260299,0,"CP"
"SRR2967222",-7.39859136669828,1.70077613781897,"4",27.0480702911504,"N_like","BP1",0.936564448011967,0,0.00893483080041262,"oSVZ"
"SRR2967223",-19.0752086187946,-1.20290959437043,"5",39.2022367895677,"N_like","N1",2.31918147605628,0,0,"CP"
"SRR2967224",-19.0747442788746,-1.48092654583678,"5",39.2800852944799,"N_like","N1",7.10156603968603,0,0,"CP"
"SRR2967225",-19.8218856413234,-1.77188072042567,"5",40.0790273773443,"N_like","N1",4.50819410044115,0,0,"CP"
"SRR2967226",-19.2156197835475,-1.38356625424293,"5",39.3878662807061,"N_like","N1",7.9950095724344,0,0,"CP"
"SRR2967227",-18.8796722015192,-2.34205765621945,"5",39.3354099184004,"N_like","N1",1.558282330365,0,4.2729637704532,"CP"
"SRR2967228",-10.1510235726004,1.29346208611754,"4",29.7978305696506,"N_like","BP1",7.12279694094791,0,0.340954150324367,"oSVZ"
"SRR2967229",-19.3264185068341,-1.3813992781361,"5",39.4935872548008,"N_like","N1",0.983282951436351,0,0,"CP"
"SRR2967230",-19.2476308889384,-1.64234188155581,"5",39.4914664855433,"N_like","N1",6.5425428455686,0,0,"CP"
"SRR2967231",-20.2254791682588,-1.8495536444024,"5",40.4881871466213,"N_like","N1",4.16509190149813,0,0.0885178971165033,"CP"
"SRR2967232",-19.7905088551672,-1.52750921214466,"5",39.980090698459,"N_like","N1",7.59399608744652,0.86711996655452,0.532962224649056,"CP"
"SRR2967233",-19.1011512619412,-1.23012185071517,"5",39.2347949073119,"N_like","N1",5.59720040696311,0,0,"CP"
"SRR2967234",-20.0678189132841,-1.61437941950992,"5",40.2706708341583,"N_like","N1",2.37688490015104,0,0.0772684339004376,"CP"
"SRR2967235",-1.72641160265766,2.13785445309074,"4",21.3579674092106,"BP_like","BP1",3.38040114816776,0,5.25121538672977,"oSVZ"
"SRR2967236",-19.5168118390182,-1.62163450823866,"5",39.7439508068807,"N_like","N1",4.37061766759703,0,0.57222320762058,"CP"
"SRR2967237",-19.3576377139731,-1.37315226630859,"5",39.5212245369853,"N_like","N1",0,0,0.107030707640664,"CP"
"SRR2967238",-19.6113770983002,-1.44557581749715,"5",39.7851160178262,"N_like","N1",6.3004294409972,0,0,"CP"
"SRR2967239",-8.21798642318759,1.55956046795859,"4",27.8765627120491,"N_like","BP1",6.33968613191923,0,0,"oSVZ"
"SRR2967240",-19.9809862643323,-1.67634605626309,"5",40.2047976990439,"N_like","N1",5.96195664678483,0,0,"CP"
"SRR2967241",-19.1442996998348,-1.92989323885633,"5",39.4732869588111,"N_like","N1",4.9814097327147,0,0.197379799365687,"CP"
"SRR2967242",-20.0747706148864,-1.51647451375829,"5",40.2497705671567,"N_like","N1",0.728101623907977,0,0,"CP"
"SRR2967243",-19.8463527738985,-1.45241986038862,"5",40.0125338269304,"N_like","N1",0.222009438023132,0,0,"CP"
"SRR2967244",-19.7922925619753,-1.5445448142162,"5",39.9866005830091,"N_like","N1",4.00183826453236,0,0,"CP"
"SRR2967245",-13.3960084243801,0.485821828187525,"5",33.2942029360087,"N_like","N1",6.89110319814101,0,0,"oSVZ"
"SRR2967246",-16.1622560178367,-0.287614958704687,"5",36.15721065994,"N_like","N1",6.68587008579677,0,0.275899811367671,"CP"
"SRR2967247",-18.5067404600239,-2.73282766254607,"5",39.0875682261505,"N_like","N1",1.19612228762746,0,7.24989089968753,"CP"
"SRR2967248",-18.5663172967338,-1.00933571077383,"5",38.6593970558009,"N_like","N1",7.06274774578219,0,0,"CP"
"SRR2967249",-19.7173620979489,-1.62884273750997,"5",39.9384351123593,"N_like","N1",8.67519139014599,0,0,"CP"
"SRR2967250",-19.6222869198055,-1.52272482307156,"5",39.8173152293551,"N_like","N1",2.95835829373714,0,0,"CP"
"SRR2967251",-19.1105994027686,-1.41852034036444,"5",39.2969199974278,"N_like","N1",5.39695749198387,0,0.145562687093071,"CP"
"SRR2967252",-19.8236457866086,-1.51306888559676,"5",40.0078228656843,"N_like","N1",7.76892533556375,0,0.179899538347182,"CP"
"SRR2967253",-19.8375844018238,-1.55777434408569,"5",40.0337911659749,"N_like","N1",2.73087685361756,0,0,"CP"
"SRR2967254",-19.3190068653724,-1.2322762011451,"5",39.4444759702819,"N_like","N1",7.56791805923499,0,0,"CP"
"SRR2967255",-19.1541529871873,-1.48932163973684,"5",39.3586631792044,"N_like","N1",6.75197245247521,0,0.188838920842466,"CP"
"SRR2967256",-19.5138011338449,-1.56876147120485,"5",39.7261719736899,"N_like","N1",0,0,0.638394554933028,"CP"
"SRR2967257",-19.1280455094951,-1.08518828802329,"5",39.2197872028432,"N_like","N1",6.33930666356127,0,0.244867579565314,"CP"
"SRR2967258",-19.5446593217604,-1.60235856942114,"5",39.7652446546035,"N_like","N1",1.15562619688515,0,0,"CP"
"SRR2967259",-19.4451646841253,-1.3787783718562,"5",39.6068025452571,"N_like","N1",8.63408135194764,0,0,"CP"
"SRR2967260",-19.612801062434,-1.58335179986336,"5",39.8252866518645,"N_like","N1",3.23912456963853,0,0.993980800014438,"CP"
"SRR2967261",-18.8575113070343,-1.26193656330105,"5",39.0099445533823,"N_like","N1",6.53263644910901,0,0.177581070923152,"CP"
"SRR2967262",-12.5720335591421,0.269190072407183,"5",32.544291976148,"N_like","N1",3.6096485996724,0,0,"oSVZ"
"SRR2967263",-19.9243852105104,-2.28897348007305,"5",40.3230091070635,"N_like","N1",1.08101232491167,0,0,"CP"
"SRR2967264",12.622500901043,-3.41780134510839,"1",2.38259885562802,"AP_like","AP1",1.13129973098909,0,6.84214916929542,"VZ"
"SRR2967265",1.56002099450599,3.4490106897126,"4",17.9511819449151,"BP_like","BP1",0,0,0.273026454081235,"oSVZ"
"SRR2967266",-6.6718064836428,2.06538894129647,"4",26.2643734339085,"BP_like","BP1",5.5092999647965,0,0.373687183756816,"oSVZ"
"SRR2967267",-12.9067117693254,0.111354576517857,"5",32.9054712537289,"N_like","N1",3.08496056683495,0,0.267298475440547,"oSVZ"
"SRR2967268",-20.2340578646805,-1.88876249493388,"5",40.5074609036523,"N_like","N1",3.90190951770375,0,0,"CP"
"SRR2967269",-13.7330909190469,0.444063132602375,"5",33.6305646290485,"N_like","N1",4.77565636725804,0,0,"oSVZ"
"SRR2967270",-18.5228038112439,-1.07901061683313,"5",38.6372619550536,"N_like","N1",0.0922640079567575,0,0,"CP"
"SRR2967271",1.61272213372542,3.40165691321892,"4",17.9020762710443,"BP_like","BP1",7.7543797979181,0,0,"oSVZ"
"SRR2967272",-18.7888218385358,-1.44097366652612,"5",38.9944492109521,"N_like","N1",7.2740286490558,0,0,"CP"
"SRR2967273",-19.9767089159577,-1.39467302258799,"5",40.1213698541277,"N_like","N1",4.72370053053151,0,0,"CP"
"SRR2967274",12.7785548784993,-3.6044363391432,"1",2.15149891088042,"AP_like","AP1",7.22539062468305,6.39687873879685,5.26265865507222,"VZ"
"SRR2967275",-20.0300860200992,-1.82320345212121,"5",40.2932721314248,"N_like","N1",7.33930666356127,0,0.0430177089906451,"CP"
"SRR2967276",-19.2375330544733,-1.1814665503532,"5",39.351977816375,"N_like","N1",7.67881137855138,0,0,"CP"
"SRR2967277",-19.2994537790285,-1.28724166802694,"5",39.4411895914839,"N_like","N1",5.41582963693731,0,0,"CP"
"SRR2967278",-19.8627753305135,-1.58797217253928,"5",40.0664736531892,"N_like","N1",2.31432529203779,0.374746830075313,0,"CP"
"SRR2967279",-19.0913099834892,-1.00082554072378,"5",39.1607760124651,"N_like","N1",8.59361894790245,0,0,"CP"
"SRR2967280",-4.28512958650181,2.66457905642714,"4",23.8213466993745,"BP_like","BP1",0.371698246703747,0,0,"oSVZ"
"SRR2967281",-11.6548171043987,1.03663788915193,"4",31.2989954707409,"N_like","BP1",7.23519092704256,0,0,"oSVZ"
"SRR2967282",1.1174492683123,3.38708683309329,"4",18.3917987638764,"BP_like","BP1",5.73567380394222,0,0,"oSVZ"
"SRR2967283",-18.9725097725511,-1.24847565131368,"5",39.116510072395,"N_like","N1",7.97206650795775,0,3.44154456441967,"CP"
"SRR2967284",-19.2438586861125,-0.944911769072171,"5",39.2914202562309,"N_like","N1",0,0,0.327732196233716,"CP"
"SRR2967285",-15.7618793193328,-0.538191882402963,"5",35.8348548884852,"N_like","N1",8.16085465730326,0,1.85778596937518,"CP"
"SRR2967286",-19.6948851586275,-1.23270631265472,"5",39.8053070104515,"N_like","N1",7.5400040137984,0,0,"CP"
"SRR2967287",-10.498940783712,1.11615393128802,"4",30.1812876550529,"N_like","BP1",0.220878446227177,0,0,"oSVZ"
"SRR2967288",6.70087261824955,4.82554229234616,"3",13.1537220186007,"BP_like","BP2",0,0,0.217229475192143,"iSVZ"
"SRR2967289",-4.70803698397178,2.58553087569467,"4",24.2489700631472,"BP_like","BP1",0,0,0,"oSVZ"
"SRR2967290",-1.47664540893,3.31162437151148,"4",20.9461628523048,"BP_like","BP1",0,0,0,"oSVZ"
"SRR2967291",-18.1740772717516,-1.04712271346683,"5",38.2943309377165,"N_like","N1",5.33166580980892,0,0,"CP"
"SRR2967292",13.8942541524528,-4.28716279574352,"1",1.02035831202901,"AP_like","AP1",8.42820521600396,0,6.34569619599333,"VZ"
"SRR2967293",-15.1857609305395,0.195928983938298,"5",35.0961486221243,"N_like","N1",7.1435056656665,0,0,"CP"
"SRR2967294",-19.0381219151982,-1.02355163200474,"5",39.1161286692647,"N_like","N1",7.86508986787772,0,0,"CP"
"SRR2967295",-6.14127815530292,2.68288486591525,"4",25.6456457841458,"BP_like","BP1",0.643346424420425,0,0,"oSVZ"
"SRR2967296",-12.9840589521013,0.307791252400365,"5",32.9377115047068,"N_like","N1",6.16707687673126,0,0,"oSVZ"
"SRR2967297",-5.11104434585492,2.58667747707851,"4",24.6457855731598,"BP_like","BP1",0,0,0,"oSVZ"
"SRR2967298",-15.4409734383509,-0.200324226910323,"5",35.4396235353732,"N_like","N1",1.3050716564503,0,0.139728803207072,"CP"
"SRR2967299",6.70632088643731,4.84730982397241,"3",13.1760661592581,"BP_like","BP2",0.275563748824412,0,0,"iSVZ"
"SRR2967300",-15.0846263902455,-0.154531966480846,"5",35.0840138104765,"N_like","N1",0,0,0.658503077657282,"CP"
"SRR2967301",8.43896708359822,5.07812290165647,"3",13.9736520389362,"BP_like","BP2",7.81722032098365,0,4.55426344120586,"iSVZ"
"SRR2967302",-11.6496428168405,-0.939751713357474,"6",32.7966622113601,"N_like","N2",0,0,6.91461235741715,"oSVZ"
"SRR2967303",-8.98669836526495,1.47109010681208,"4",28.638359895252,"N_like","BP1",0,0,0,"oSVZ"
"SRR2967304",-17.100366346679,-0.916694675606992,"5",37.2261275617456,"N_like","N1",0,0,0,"CP"
"SRR2967305",-11.7635855359269,-0.0139385410657669,"6",31.8642392374997,"N_like","N2",6.5506359821492,0,5.78933540342196,"oSVZ"
"SRR2967306",-13.4083785146878,0.601388863332116,"5",33.2790910076604,"N_like","N1",5.89021806139232,0,0,"oSVZ"
"SRR2967307",-11.8683500485478,-0.477909054393797,"6",32.3071689322524,"N_like","N2",7.85931114355317,0,4.84668887138114,"oSVZ"
"SRR2967308",-0.609681322248789,3.36501712445321,"4",20.0905315498352,"BP_like","BP1",7.81270999331516,0,0,"oSVZ"
"SRR2967309",-2.59042404823336,2.35418199046638,"4",22.1871699015977,"BP_like","BP1",3.06814453508993,0,6.87781785496118,"oSVZ"
"SRR2967310",9.27657596067952,2.86220102365061,"2",9.41503306367544,"BP_like","BP3",6.63417213053329,0,0,"iSVZ"
"SRR2967311",-10.8096476614244,0.733290288297489,"4",30.5960073612689,"N_like","BP1",0.307020432518392,0,0,"oSVZ"
"SRR2967312",-16.8133803944379,-0.627584598771862,"5",36.8725336605531,"N_like","N1",1.39288889161623,0,0,"CP"
"SRR2967313",-18.8899501517451,-2.07309513055855,"5",39.2695189185597,"N_like","N1",7.79609802949333,3.55812066272863,6.92231679921813,"CP"
"SRR2967314",0.203893580688642,3.72127405317972,"4",19.2453383821343,"BP_like","BP1",0,0,0,"oSVZ"
"SRR2967315",1.13436088485138,3.50269146093652,"4",18.364935564538,"BP_like","BP1",4.13779859028661,0,0,"oSVZ"
"SRR2967316",-9.01659712487367,1.5493404150474,"4",28.6449941224455,"N_like","BP1",6.47842341200899,0,0,"oSVZ"
"SRR2967317",-17.7061900286428,-1.39233519197129,"5",37.9378537674453,"N_like","N1",8.58948636466646,4.61994702586452,5.23749106168064,"CP"
"SRR2967318",-10.4638946470844,1.00196692655037,"4",30.1836347618902,"N_like","BP1",0,0,0.151045691949724,"oSVZ"
"SRR2967319",14.2881252744835,0.401830055256574,"7",8.10559582521177,"AP_like","AP2",0,0,9.63151904123023,"VZ"
"SRR2967320",1.73971973520145,3.34444405757037,"4",17.7795869099575,"BP_like","BP1",0,0,0,"oSVZ"
"SRR2967321",-5.16213169865207,2.68388405591599,"4",24.6814460382955,"BP_like","BP1",0,0,0,"oSVZ"
"SRR2967322",7.29126551108259,5.02073607223875,"3",13.5353411662846,"BP_like","BP2",0,0,0,"iSVZ"
"SRR2967323",0.664691972617691,3.60636286527082,"4",18.8174257365765,"BP_like","BP1",7.50796109540811,0,0,"oSVZ"
"SRR2967324",-18.8501608813094,-1.2233802416363,"5",38.9920318750974,"N_like","N1",0,0,0,"CP"
"SRR2967325",-10.8293387885681,0.86773946113804,"4",30.5720034385541,"N_like","BP1",6.8149605130157,0,0,"oSVZ"
"SRR2967326",4.63755121230435,3.87145250060495,"4",14.8931601339916,"BP_like","BP1",0,0,0,"oSVZ"
"SRR2967327",-4.28787106908678,2.62876612791698,"4",23.8291730144807,"BP_like","BP1",0,0,0,"oSVZ"
"SRR2967328",-9.52359840347868,1.88167655123893,"4",29.0327025047221,"N_like","BP1",0,0,0,"oSVZ"
"SRR2967329",2.19445539932224,3.70333501609621,"4",17.3241500119224,"BP_like","BP1",3.37197558098957,0,0.0889073927228336,"oSVZ"
"SRR2967330",1.67207812689061,3.41134128660316,"4",17.8421668144548,"BP_like","BP1",0,0,0,"oSVZ"
"SRR2967331",-4.29668492386524,2.61476583811066,"4",23.8398961584282,"BP_like","BP1",5.94779704995437,0,0,"oSVZ"
"SRR2967332",-8.74889267865776,2.06679945029661,"4",28.2540254573175,"N_like","BP1",6.67561836550752,0,1.05981210486304,"oSVZ"
"SRR2967333",7.46963456351295,5.19836816077201,"3",13.7624524566051,"BP_like","BP2",6.8989096936818,0,0,"iSVZ"
"SRR2967334",-17.197086658677,-0.642327276784159,"5",37.2456037282828,"N_like","N1",7.80090636939029,0,0,"CP"
"SRR2967335",-8.27085196888586,1.82302401997894,"4",27.8595315172767,"N_like","BP1",0,0,1.00779829278709,"oSVZ"
"SRR2967336",-19.3591071530902,-1.15994692121535,"5",39.4625885373655,"N_like","N1",1.15352649615989,0,0,"CP"
"SRR2967337",-12.9600689765335,0.302192430272757,"5",32.9155397045245,"N_like","N1",7.33083622831154,5.64528086879952,1.50023097946419,"oSVZ"
"SRR2967338",-7.19906482236773,2.4665643644382,"4",26.6669545099268,"BP_like","BP1",8.17893369750717,0,0,"oSVZ"
"SRR2967339",-6.51384135360284,2.58781494451189,"4",26.0212238144871,"BP_like","BP1",4.5496075684275,0,0.109671733385434,"oSVZ"
"SRR2967340",-19.8106493154801,-1.65511478571508,"5",40.0353589890928,"N_like","N1",0,0,0,"CP"
"SRR2967341",-4.690692354054,2.52632220912437,"4",24.2406378446816,"BP_like","BP1",0,0.321124578568887,0,"oSVZ"
"SRR2967342",6.66482769445727,5.27117046736869,"3",13.5616235574643,"BP_like","BP2",8.56283769934835,0,0,"iSVZ"
"SRR2967343",-5.08496218246727,2.3090393926255,"4",24.6623750146562,"BP_like","BP1",1.38897749916828,0,0,"oSVZ"
"SRR2967344",-19.0410108994099,-1.2019037394917,"5",39.1691372104132,"N_like","N1",0.264972326265486,0,0,"CP"
"SRR2967345",0.23779130727235,3.56705726714932,"4",19.2302861631023,"BP_like","BP1",1.46848948013139,0,1.18425490022377,"oSVZ"
"SRR2967346",-11.4485386565175,-1.01365806158302,"6",32.8999837614149,"N_like","N2",5.55561065452556,0,8.59559316974456,"oSVZ"
"SRR2967347",7.09540146702291,5.06107135511121,"3",13.5077783941593,"BP_like","BP2",8.79062218368347,0,0,"iSVZ"
"SRR2967348",-15.4094402211538,-0.336572433466528,"5",35.4431246441791,"N_like","N1",6.04132184460124,0,0,"CP"
"SRR2967349",-15.8270976641481,-0.164642315920414,"5",35.802580759416,"N_like","N1",4.61948931059625,0,0,"CP"
"SRR2967350",-18.631100252704,-2.50015179334788,"5",39.1413866633949,"N_like","N1",4.6564963705535,0,8.37439615884164,"CP"
"SRR2967351",-13.3416168279596,0.128485311148785,"5",33.3252364531434,"N_like","N1",0,0,0,"oSVZ"
"SRR2967352",-3.10054261513254,2.7958345213509,"4",22.6307681050156,"BP_like","BP1",0,0,0,"oSVZ"
"SRR2967353",13.9828873294466,-4.24666518288351,"1",1.01313163231725,"AP_like","AP1",0,0,7.71171514862302,"VZ"
"SRR2967354",13.9087595493167,-4.33137931948189,"1",0.97461926789736,"AP_like","AP1",0.30275654604288,0,6.28711948319808,"VZ"
"SRR2967355",13.1272525953045,-4.81581289524572,"1",0.926716583858968,"AP_like","AP1",1.73424788393101,0.278693724608166,7.8649722920979,"VZ"
"SRR2967356",-11.8804962966755,0.0187421752169534,"5",31.9193066049615,"N_like","N1",0,0,0,"oSVZ"
"SRR2967357",9.37493815643212,2.73377601476896,"2",9.28450502105434,"BP_like","BP3",0,0,0,"iSVZ"
"SRR2967358",-10.2049126382323,1.42456651689289,"4",29.809172928404,"N_like","BP1",7.46798043906496,0,0.934573113753575,"oSVZ"
"SRR2967359",12.9235562450666,-2.36677614334901,"1",3.17009218100353,"AP_like","AP1",0,1.97905220437771,5.38071559767822,"VZ"
"SRR2967360",-19.6596659514457,-1.31739294687542,"5",39.7953589963879,"N_like","N1",7.11142783205038,0.858116303627384,0,"CP"
"SRR2967361",-19.7376928420177,-1.55155800221707,"5",39.9361790010521,"N_like","N1",5.87644327515001,0,0,"CP"
"SRR2967362",9.36513338045593,2.78228929043014,"2",9.3162334312168,"BP_like","BP3",0,0,0,"iSVZ"
"SRR2967363",-6.01258857620335,2.40642686974245,"4",25.5622339771585,"BP_like","BP1",7.15482823319231,0,0,"oSVZ"
"SRR2967364",-7.11729568126965,2.21463245300381,"4",26.6493781717998,"BP_like","BP1",6.51407174917564,0,0,"oSVZ"
"SRR2967365",13.0442765715135,-5.05152567290756,"1",0.760150509081874,"AP_like","AP1",0,2.8441365446341,5.00705642894797,"VZ"
"SRR2967366",-6.93183045573224,2.4836767672109,"4",26.4469829429241,"BP_like","BP1",7.55780829893669,0,0,"oSVZ"
"SRR2967367",-6.97075567379425,2.33094220905768,"4",26.4818936091622,"BP_like","BP1",4.88743753661878,0,0,"oSVZ"
"SRR2967368",-18.9949480408971,-0.857900959980264,"5",39.0280470116856,"N_like","N1",3.50145188413169,0,0.20006862915694,"CP"
"SRR2967369",-5.96614862106592,2.0689583013194,"4",25.5696808115009,"BP_like","BP1",6.86360399574148,0,0.250173331534433,"oSVZ"
"SRR2967370",-11.8275858431704,0.248876609980488,"6",31.5947843463096,"N_like","N2",5.00789963029661,0.495852724967485,0.284127941507471,"oSVZ"
"SRR2967371",7.92278254808018,3.35182739533404,"2",10.8277660369685,"BP_like","BP3",8.40351059419562,0,0,"iSVZ"
"SRR2967372",-17.929402820569,-0.692618576336484,"5",37.9640273598562,"N_like","N1",1.94981877518519,0,0,"CP"
"SRR2967373",-7.91411939976151,1.96250472284999,"4",27.4814802743799,"N_like","BP1",0,1.37941579867321,0,"oSVZ"
"SRR2967374",11.3073786985139,0.807855569346509,"2",6.66875637050915,"AP_like","BP3",8.12661155925833,0.480548462287339,4.0224033250847,"VZ"
"SRR2967375",4.64433729434793,3.75023991176882,"4",14.8878171107699,"BP_like","BP1",4.46560231869438,0,0,"iSVZ"
"SRR2967376",13.7455773616268,-4.6672114338868,"1",0.758963742288082,"AP_like","AP1",1.32218198687272,0,7.00922398607117,"VZ"
"SRR2967377",13.6087364479777,-4.86022659121727,"1",0.655768333081368,"AP_like","AP1",0,0,7.04643649099447,"VZ"
"SRR2967378",-14.3122231585506,-0.508277417676355,"5",34.4176168125484,"N_like","N1",4.07690963632929,0,0,"CP"
"SRR2967379",8.21077844430593,2.90285011475977,"2",10.3772415671193,"BP_like","BP3",6.90648177409448,0,0.901565506801005,"iSVZ"
"SRR2967380",6.96028547525181,4.53277758378652,"3",12.9646720331868,"BP_like","BP2",4.4977337027281,0,1.64379155558908,"iSVZ"
"SRR2967381",1.68602875070221,3.06417254643158,"4",17.8535929783808,"BP_like","BP1",7.3171050472432,0,0,"oSVZ"
"SRR2967382",6.807066086417,4.82380164620112,"3",13.1876433347945,"BP_like","BP2",7.69225282098294,0,0.124072662711656,"iSVZ"
"SRR2967383",6.68896373875322,4.63995532213224,"3",12.9748412471718,"BP_like","BP2",7.44183202680582,0,0,"iSVZ"
"SRR2967384",6.66886166441605,4.04569198226165,"3",12.4081297835832,"BP_like","BP2",4.07136796752538,0,0,"iSVZ"
"SRR2967385",4.1736217524831,3.78299567933629,"4",15.3547783132941,"BP_like","BP1",8.09094867565922,0,0.0486620945350443,"oSVZ"
"SRR2967386",7.48225918520132,5.12640238202165,"3",13.6988625460133,"BP_like","BP2",2.03747710990839,0.477943567001424,0,"iSVZ"
"SRR2967387",2.71975525647512,3.0975904888482,"4",16.8200144230811,"BP_like","BP1",0.399339557944799,0,2.29035067472048,"oSVZ"
"SRR2967388",12.4032904282391,-2.14699633548969,"1",3.60636016392775,"AP_like","AP1",1.67510230927168,4.09518178934269,0,"VZ"
"SRR2967389",13.9454025057284,-4.68703177732963,"1",0.645296206103706,"AP_like","AP1",0,0,7.62993212602535,"VZ"
"SRR2967390",-18.5263922460291,-1.13695971926491,"5",38.6570245282197,"N_like","N1",0,0,0,"CP"
"SRR2967391",11.8220219375901,-1.32940426743703,"1",4.59414471835474,"AP_like","AP1",6.13306410177454,0,9.77855028220223,"VZ"
"SRR2967392",7.28527590816797,4.96335991817139,"3",13.4792653732186,"BP_like","BP2",7.96792941929827,0,0,"iSVZ"
"SRR2967393",10.4177009240445,0.966823457250703,"2",7.52545717181913,"AP_like","BP3",3.96918733652676,5.46482180653879,4.02360134467431,"VZ"
"SRR2967394",-3.44849894957857,2.49338688845269,"4",23.0183070889014,"BP_like","BP1",8.26373867484504,0,0,"oSVZ"
"SRR2967395",12.9406520880002,-4.88309695931957,"1",0.957683338267198,"AP_like","AP1",4.01251504072025,0,6.28093033914948,"VZ"
"SRR2967396",-7.13502305248756,2.47466311860442,"4",26.6028747622738,"BP_like","BP1",7.19984899055716,0,0,"oSVZ"
"SRR2967397",13.7383087727622,-3.34134832493069,"1",1.9242732698676,"AP_like","AP1",0,0,9.3830908006872,"VZ"
"SRR2967398",12.0290251539639,-0.346343112156643,"1",5.37561601291509,"AP_like","AP1",3.81637442783349,0,4.2271403411921,"VZ"
"SRR2967399",7.80879199773385,3.00404181833298,"2",10.7755631612299,"BP_like","BP3",5.2139265766297,0,0,"iSVZ"
"SRR2967400",1.1013467933753,3.69424628176337,"4",18.3812360305276,"BP_like","BP1",6.70057843214926,0.476670975302809,0,"oSVZ"
"SRR2967401",6.55193492740572,5.04623651749706,"3",13.3118533353817,"BP_like","BP2",0,0,0,"iSVZ"
"SRR2967402",13.6566782547934,-4.24317620630753,"1",1.17338865235955,"AP_like","AP1",0.314824115153516,0,8.17976978859633,"VZ"
"SRR2967403",6.88136974501531,4.63802217134466,"3",13.037434128788,"BP_like","BP2",0,0,0,"iSVZ"
"SRR2967404",-18.993695060931,-1.21322839974177,"5",39.1269163692832,"N_like","N1",7.70260213929171,0.385743564256172,0,"CP"
"SRR2967405",7.68691864381047,5.02293129277857,"3",13.6698715926432,"BP_like","BP2",6.7555152050984,2.04759073523897,0,"iSVZ"
"SRR2967406",-12.2099257718697,0.418165692231146,"5",32.1593607347575,"N_like","N1",5.39185362482981,0,0,"oSVZ"
"SRR2967407",15.9523920210525,1.99996776513286,"7",9.86262877346821,"BP_like","AP2",0,0,4.84354172490545,"iSVZ"
"SRR2967408",1.79979729161824,3.34617349611938,"4",17.7250926822299,"BP_like","BP1",6.02260084494453,0,0,"oSVZ"
"SRR2967409",14.0839664498047,-4.78868783854113,"1",0.48942236969098,"AP_like","AP1",0.324171183700106,0,0.45143322030669,"VZ"
"SRR2967410",-11.8124338427097,0.246270928807207,"6",31.5996411516698,"N_like","N2",3.91726943113149,0,0,"oSVZ"
"SRR2967411",-4.97735684972258,1.65405805115112,"4",24.6559695375389,"BP_like","BP1",7.83726208870229,2.04605794220873,0,"oSVZ"
"SRR2967412",-0.228862460125982,2.34405890572388,"4",19.8445485622043,"BP_like","BP1",6.91984060029933,0,3.78161150741224,"oSVZ"
"SRR2967413",6.91165477060863,4.79807815394251,"3",13.1984184133656,"BP_like","BP2",4.92419967334858,0,0,"iSVZ"
"SRR2967414",-8.58745565613924,1.44128307392978,"4",28.2639586558577,"N_like","BP1",5.74191994849469,7.74880334946358,1.38656817812479,"oSVZ"
"SRR2967415",-19.6102585409672,-1.48500688213128,"5",39.7951487438841,"N_like","N1",6.39688216293785,0.412416267289756,0,"CP"
"SRR2967416",13.8921149209172,-4.37649817795283,"1",0.943099900996577,"AP_like","AP1",9.25422317482435,0,4.06530518494014,"VZ"
"SRR2967417",13.8709751589885,-4.36134120260402,"1",0.966571448736242,"AP_like","AP1",1.09144935038035,0,7.49329507050358,"VZ"
"SRR2967418",13.411932941511,-4.51547338341334,"1",1.0527241668149,"AP_like","AP1",1.51733617173403,0,1.86465961766763,"VZ"
"SRR2967419",-1.4534609916152,2.09352229959209,"4",21.1028984828508,"BP_like","BP1",4.5103923219649,0.819471996327726,0,"oSVZ"
"SRR2967420",13.5115462225858,-4.50480356142197,"1",1.01406766028436,"AP_like","AP1",0,0.282682952025103,6.52436148932734,"VZ"
"SRR2967421",14.3512328529785,0.590503702183674,"7",8.17988665588636,"AP_like","AP2",3.36774287517598,0.336603316437188,4.31482701478368,"VZ"
"SRR2967422",14.7755751689387,1.0066673715531,"7",8.62841779614034,"AP_like","AP2",1.49053419097618,0,6.07967677482759,"iSVZ"
"SRR2967423",-8.61541109465641,1.58365548513982,"4",28.2532193668643,"N_like","BP1",0,0,0,"oSVZ"
"SRR2967424",-2.1530925995178,2.60336183278474,"4",21.7199403651466,"BP_like","BP1",5.02368561230151,0,0,"oSVZ"
"SRR2967425",-17.8590078821399,-0.84464865223787,"5",37.9372535101806,"N_like","N1",4.80049614759649,1.01365520178276,0,"CP"
"SRR2967426",6.92093138418072,4.94374565334654,"3",13.338802972918,"BP_like","BP2",0.349596271493423,0.580692543290803,0.831796188631698,"iSVZ"
"SRR2967427",1.63935190324181,3.36702517776545,"4",17.8780426710069,"BP_like","BP1",0,0,0.94097480931168,"oSVZ"
"SRR2967428",13.1998235974539,-4.77559260697097,"1",0.926990530545213,"AP_like","AP1",0.376371518758138,0,5.73169102865303,"VZ"
"SRR2967429",13.9981778582406,-4.31322936395165,"1",0.947431076785867,"AP_like","AP1",6.82856811714457,0,0,"VZ"
"SRR2967430",-10.0993158919008,1.10815322205072,"4",29.8050997869721,"N_like","BP1",2.46619378970228,0,0,"oSVZ"
"SRR2967431",-19.0813893734166,-1.58983055381117,"5",39.3171356076922,"N_like","N1",2.41850301523762,0,0,"CP"
"SRR2967432",-5.44484755907735,2.085516890224,"4",25.0521483704839,"BP_like","BP1",3.7899900186681,2.3459129505426,0,"oSVZ"
"SRR2967433",6.45174206747443,4.93471065217142,"3",13.1731981646973,"BP_like","BP2",8.38923122224195,0,0,"iSVZ"
"SRR2967434",-13.3651032327251,0.462184549186097,"5",33.2697092520808,"N_like","N1",6.58380788277966,0,1.26067607744077,"oSVZ"
"SRR2967435",-11.2457670747237,-1.64355632016123,"6",33.553221214657,"N_like","N2",0,0,5.08488490440721,"oSVZ"
"SRR2967436",-13.4209892902024,0.699753161155962,"5",33.268250976107,"N_like","N1",0,0,0,"oSVZ"
"SRR2967437",-14.7875172076725,0.119980389598548,"5",34.7333574851914,"N_like","N1",8.30191225304591,0,0.73814523630177,"CP"
"SRR2967438",-1.44994681625686,3.12797468787248,"4",20.9468449197394,"BP_like","BP1",1.19343113255925,0,0,"oSVZ"
"SRR2967439",2.03964126664214,3.38689019047779,"4",17.4833871249899,"BP_like","BP1",7.22788544592116,0,0,"oSVZ"
"SRR2967440",-12.7048043634473,0.837399476616844,"5",32.5499580478335,"N_like","N1",6.69311055317292,0,1.45789367319723,"oSVZ"
"SRR2967441",-11.3831714741854,-1.73239342723401,"6",33.6203790971872,"N_like","N2",0.541122269918606,0,9.20914627285415,"oSVZ"
"SRR2967442",-8.52035444300734,2.01548751328771,"4",28.050811829317,"N_like","BP1",6.16695640953691,0,0.930967393602147,"oSVZ"
"SRR2967443",-10.7254950023079,-1.62533725854378,"6",33.6134843861805,"N_like","N2",0.833230146370899,0.241649845067328,5.77947248381303,"oSVZ"
"SRR2967444",-15.1644882154454,0.16979802194344,"5",35.0819285191325,"N_like","N1",7.63695806930171,0,0,"CP"
"SRR2967445",-19.0649154937621,-0.933980598208015,"5",39.1166178283421,"N_like","N1",1.00838648915746,0,0.454515992145206,"CP"
"SRR2967446",-3.09591174286591,2.83204165831753,"4",22.6210810979777,"BP_like","BP1",3.82617219352351,0,0,"oSVZ"
"SRR2967447",-1.05775829530714,3.43074729486919,"4",20.5214857470517,"BP_like","BP1",6.01155154576552,0,1.94970673889513,"oSVZ"
"SRR2967448",-5.45143490175515,2.09406582686948,"4",25.0573577619931,"BP_like","BP1",4.08791255254703,0,0,"oSVZ"
"SRR2967449",6.8703484349511,4.78643065348142,"3",13.1736066241687,"BP_like","BP2",8.20221199944052,0,6.09019924346878,"iSVZ"
"SRR2967450",-10.2409795345536,1.52137259349664,"4",29.8140006188444,"N_like","BP1",9.36012500743444,0,0,"oSVZ"
"SRR2967451",13.3296490235627,-4.88440802071686,"1",0.769074008712696,"AP_like","AP1",5.32745743429415,0.443899403999735,8.63075491923525,"VZ"
"SRR2967452",-4.66574701330005,2.25986253462178,"4",24.2556669326853,"BP_like","BP1",7.90346011958171,0,0.879827292539454,"oSVZ"
"SRR2967453",-10.9520743833167,-1.47656402287895,"6",33.4323129607887,"N_like","N2",1.78284885523327,0,8.74240039122287,"oSVZ"
"SRR2967454",6.73315902503758,4.92880725208897,"3",13.2618594046211,"BP_like","BP2",6.03336573311675,0,0,"iSVZ"
"SRR2967455",12.9556892004002,-5.54696427191962,"1",0.368632930755054,"AP_like","AP1",0,0.544164861642224,4.95711597496823,"VZ"
"SRR2967456",-8.97552877842961,1.51638609199898,"4",28.6148745837332,"N_like","BP1",0.401415302226473,0,0,"oSVZ"
"SRR2967457",6.33583058158349,5.07215532745538,"3",13.2639290138281,"BP_like","BP2",5.86554522889016,0,0,"iSVZ"
"SRR2967458",-17.7466496490595,-1.21853608919732,"5",37.9299245419921,"N_like","N1",7.41631619718317,0,4.71969273037631,"CP"
"SRR2967459",-6.97162356493145,2.38284554306009,"4",26.4818948456558,"BP_like","BP1",5.13535837999854,0,0,"oSVZ"
"SRR2967460",6.84287676430313,4.86817281528024,"3",13.2414498112962,"BP_like","BP2",1.53992308187842,0,1.52675493050504,"iSVZ"
"SRR2967461",-10.1956511396354,1.37040913429685,"4",29.8168711298342,"N_like","BP1",6.21483198786656,0,0.605716196936474,"oSVZ"
"SRR2967462",-9.14437227702198,1.89935832925999,"4",28.668944439386,"N_like","BP1",7.29974835532993,0,0,"oSVZ"
"SRR2967463",-1.0029219406527,3.06178905529895,"4",20.5177476928035,"BP_like","BP1",4.92321575023034,0,0,"oSVZ"
"SRR2967464",-10.9574700030835,1.2271650016841,"4",30.5794281667636,"N_like","BP1",7.96708212625773,0,0,"oSVZ"
"SRR2967465",0.263491034428746,3.20762830899104,"4",19.2481307237568,"BP_like","BP1",0,0.446942207245488,0,"oSVZ"
"SRR2967466",-9.09367353234001,1.78856754692785,"4",28.6515244802316,"N_like","BP1",5.40127889652464,0,0,"oSVZ"
"SRR2967467",-6.99673963075031,2.52134327920486,"4",26.4818960821495,"BP_like","BP1",8.53971716564286,0.522821098777075,0,"oSVZ"
"SRR2967468",-7.16355615265109,2.51344884860171,"4",26.6210405965428,"BP_like","BP1",0.407252670048583,0,0,"oSVZ"
"SRR2967469",-19.3362491046515,-1.18366278216051,"5",39.4473324748113,"N_like","N1",7.01373022780552,0,0.238176641718053,"CP"
"SRR2967470",7.02579517359547,4.93313866345157,"3",13.3639132486569,"BP_like","BP2",7.72069572467801,0,0,"iSVZ"
"SRR2967471",-11.7387594757529,-0.728109100832601,"6",32.5740200351499,"N_like","N2",1.96718336648569,0,4.06635617199915,"oSVZ"
"SRR2967472",-10.7813185874691,-1.5935863577467,"6",33.5736952398826,"N_like","N2",0,0,9.18456297305405,"oSVZ"
"SRR2967473",6.63723889572519,4.64915647215892,"3",12.9661949583994,"BP_like","BP2",8.91419674723973,0,0.847614541703534,"iSVZ"
"SRR2967474",-18.6465911829405,-3.93079024042076,"5",39.5591703529597,"N_like","N1",1.47369860714527,0,8.39963681769089,"CP"
"SRR2967475",13.2774891352951,-5.21153509781588,"1",0.507536476440485,"AP_like","AP1",6.92929392069322,0,5.37359949432651,"VZ"
"SRR2967476",-16.9815965265081,-0.210667186353037,"5",36.9239261103432,"N_like","N1",9.75796330629734,0,0.246232946511906,"CP"
"SRR2967477",14.0824523731422,-4.71228357889792,"1",0.557119080602675,"AP_like","AP1",4.83950615536944,0,7.69868383347854,"VZ"
"SRR2967478",-19.1681156858958,-1.31395250477434,"5",39.3226693281955,"N_like","N1",8.37084866582014,5.28966850144771,4.20260578471626,"CP"
"SRR2967479",-18.274767867713,-0.852839713496648,"5",38.3373371893128,"N_like","N1",6.72067520654308,0,0,"CP"
"SRR2967480",15.3574509270618,1.05032000548889,"7",9.21190273604134,"BP_like","AP2",5.07441124023629,0,6.00932477555286,"iSVZ"
"SRR2967481",-6.99412058490932,2.27861542964153,"4",26.5142739258092,"BP_like","BP1",6.22455162700527,0,0,"oSVZ"
"SRR2967482",7.10309966094815,4.95501986508293,"3",13.4104165101111,"BP_like","BP2",8.79160572470455,0,0,"iSVZ"
"SRR2967483",6.74863664926773,4.94863866006245,"3",13.2857303583066,"BP_like","BP2",8.32260870604071,0,0.998715429694993,"iSVZ"
"SRR2967484",14.053369616437,-4.91095898586076,"1",0.396999903916001,"AP_like","AP1",0,2.68994990407207,3.88020552649924,"VZ"
"SRR2967485",8.83569318874499,5.6036400280128,"3",14.601666239886,"BP_like","BP2",7.79503310379243,0,0,"iSVZ"
"SRR2967486",14.0701169879032,0.78798063846638,"7",7.91108837397804,"AP_like","AP2",4.16765497928152,6.21370110693649,2.64574545977677,"VZ"
"SRR2967487",-7.13242352097793,2.47266181863511,"4",26.6008420937936,"BP_like","BP1",7.60700474582878,0,0.270269383427878,"oSVZ"
"SRR2967488",0.215234365977988,3.60587393093227,"4",19.2480003543259,"BP_like","BP1",7.19157252024231,0,0,"oSVZ"
"SRR2967489",15.8896683142594,1.58292221023666,"7",9.77505209394983,"BP_like","AP2",0.408860741648981,0.344651273178449,0,"iSVZ"
"SRR2967490",3.07541241505495,3.6242047949081,"4",16.4512985551419,"BP_like","BP1",5.0054808338918,0,0.201505894716993,"oSVZ"
"SRR2967491",2.8561486033966,3.81015553706844,"4",16.6592033714803,"BP_like","BP1",7.38866312361939,1.73720217675367,0,"oSVZ"
"SRR2967492",9.09901405896784,5.75672561463906,"3",14.8340707720478,"BP_like","BP2",0,0,0,"iSVZ"
"SRR2967493",10.8385403512483,0.843418110656995,"2",7.09707640219078,"AP_like","BP3",5.00144197417391,0,7.43935717847426,"VZ"
"SRR2967494",7.22959122938048,5.04102747794804,"3",13.5338146097794,"BP_like","BP2",0.353925088492803,0,0,"iSVZ"
"SRR2967495",16.2341207065135,2.01785604821762,"7",10.1449304693545,"BP_like","AP2",1.86882107350446,0,4.35881117404759,"iSVZ"
"SRR2967496",5.53233990044892,3.67783596839137,"4",14.0048697034365,"BP_like","BP1",8.01974638647723,0,0,"iSVZ"
"SRR2967497",6.61905835839611,4.86629296818238,"3",13.1647372296422,"BP_like","BP2",5.49505232948411,0,0.434809145261313,"iSVZ"
"SRR2967498",2.88406923932375,3.59843179038637,"4",16.6385768007431,"BP_like","BP1",5.54187410558094,0,0,"oSVZ"
"SRR2967499",7.07162978181567,5.02783743033579,"3",13.4685016883553,"BP_like","BP2",7.97407610474345,0,0,"iSVZ"
"SRR2967500",13.5592743628953,-4.86838240147386,"1",0.672457529481368,"AP_like","AP1",4.50278248711492,4.34622649523793,3.00926295883904,"VZ"
"SRR2967501",16.0855050102692,1.9033929223034,"7",9.98972583527345,"BP_like","AP2",0,0,6.20265475546952,"iSVZ"
"SRR2967502",16.0157087308515,2.10147121801144,"7",9.93191038075999,"BP_like","AP2",0,6.26912667914942,0.802759014744129,"iSVZ"
"SRR2967503",-6.93161591547596,2.51443422142855,"4",26.4413743518756,"BP_like","BP1",8.0240425863381,0,0,"oSVZ"
"SRR2967504",6.60963064103294,4.89439158638378,"3",13.1880685516498,"BP_like","BP2",7.2620854466748,0,0.64155342750466,"iSVZ"
"SRR2967505",13.8578955008359,-4.53629866692389,"1",0.819556846513116,"AP_like","AP1",0.406616122365117,0,7.57666573516288,"VZ"
"SRR2967506",16.1420212329362,1.80905457124412,"7",10.0404961228986,"BP_like","AP2",0,0,9.16658741616654,"iSVZ"
"SRR2967507",6.85932939736293,4.85606124575208,"3",13.2355434542415,"BP_like","BP2",7.67041548482643,0,0,"iSVZ"
"SRR2967508",13.796883384031,-4.69676114892651,"1",0.708345626337877,"AP_like","AP1",4.91923042200893,0,8.04397327192829,"VZ"
"SRR2967509",1.09393344152332,3.57658643151204,"4",18.3988146632614,"BP_like","BP1",9.04057466968177,0,0,"oSVZ"
"SRR2967510",8.9891569625295,5.81425559203429,"3",14.8515071335185,"BP_like","BP2",0,0,0,"iSVZ"
"SRR2967511",7.71382837596122,5.13234222273328,"3",13.7819843885525,"BP_like","BP2",8.2868395736256,0,8.08027924733511,"iSVZ"
"SRR2967512",8.59459592996172,5.45508889778778,"3",14.3809740873206,"BP_like","BP2",8.54776598557415,0,0.829176551027396,"iSVZ"
"SRR2967513",-7.04730984036948,2.47273552312614,"4",26.5183002069828,"BP_like","BP1",8.01113219099011,0,0.235811597452753,"oSVZ"
"SRR2967514",7.83852068038165,2.80842472541141,"2",10.6621045021306,"BP_like","BP3",8.04437226017708,0,2.2296740512169,"iSVZ"
"SRR2967515",14.032944855606,-4.4129428062927,"1",0.843297356906035,"AP_like","AP1",1.84824534930781,1.5172202523349,7.04202046453995,"VZ"
"SRR2967516",-1.42175933994853,3.27465586891499,"4",20.8973285173357,"BP_like","BP1",4.73156341983729,0,0,"oSVZ"
"SRR2967517",9.23125020748077,5.61246788711302,"3",14.742402087824,"BP_like","BP2",4.94118144935643,0,0,"iSVZ"
"SRR2967518",2.04476779008025,3.26510738851776,"4",17.4848748570221,"BP_like","BP1",5.2943928402091,0,3.91274565820031,"oSVZ"
"SRR2967519",16.0013384300141,1.78177508819066,"7",9.89842770511003,"BP_like","AP2",0,0,10.9083250632328,"iSVZ"
"SRR2967520",7.42253548014039,5.02017067234324,"3",13.5787570751985,"BP_like","BP2",8.23399827461442,0,0,"iSVZ"
"SRR2967521",-9.31788241317637,1.89719973323556,"4",28.8360305330038,"N_like","BP1",6.15473711337272,0,0,"oSVZ"
"SRR2967522",-6.90566128514517,2.29421272081571,"4",26.4544608030876,"BP_like","BP1",3.4112431854,0,1.97448526005435,"oSVZ"
"SRR2967523",13.1428791071848,-5.34761541229624,"1",0.453138654007646,"AP_like","AP1",1.4188537858022,0,9.03540396994207,"VZ"
"SRR2967524",0.211339737569611,3.70632356416859,"4",19.2397485684287,"BP_like","BP1",6.70157677948688,0,0.263945420502771,"oSVZ"
"SRR2967525",13.9001103321693,-4.61220172522537,"1",0.732699099882995,"AP_like","AP1",7.6582829015306,0,8.77623890534259,"VZ"
"SRR2967526",8.15826936621552,5.40824271099473,"3",14.1907642298078,"BP_like","BP2",4.14861690445744,0,0,"iSVZ"
"SRR2967527",6.73893079462526,4.88386298528897,"3",13.2214354477313,"BP_like","BP2",6.64724110639582,0,0,"iSVZ"
"SRR2967528",13.8800506552406,-4.25476885848039,"1",1.05559243989031,"AP_like","AP1",0,0,7.35319976746396,"VZ"
"SRR2967529",-0.585339234015778,3.16733033262157,"4",20.0921422369842,"BP_like","BP1",1.96053395087833,0,1.24556867801352,"oSVZ"
"SRR2967530",6.87230064206894,4.76592269644317,"3",13.1549304673112,"BP_like","BP2",4.01899907429045,0,0,"iSVZ"
"SRR2967531",13.5756097894575,-4.5657286269526,"1",0.929802236183317,"AP_like","AP1",0,0.425674135387581,2.10698810969874,"VZ"
"SRR2967532",-7.55485088504662,2.16089192808185,"4",27.0855107207949,"N_like","BP1",7.54402164129508,0,0,"oSVZ"
"SRR2967533",-6.98414151861618,2.24029128440462,"4",26.5139839706372,"BP_like","BP1",7.18386361439725,0.443175900274551,0,"oSVZ"
"SRR2967534",-7.0753383791266,2.24426492327214,"4",26.6014361884994,"BP_like","BP1",7.31778341561794,0,0,"oSVZ"
"SRR2967535",-15.8522910566089,-0.136336748295337,"5",35.8197175520601,"N_like","N1",6.58630088105989,0,0,"CP"
"SRR2967536",-2.65580470455689,2.88659852511927,"4",22.1793818045056,"BP_like","BP1",4.69327506788559,0,0.31978554528138,"oSVZ"
"SRR2967537",-5.84086944020971,1.94023503834485,"4",25.466303369835,"BP_like","BP1",4.23189316164533,0,0,"oSVZ"
"SRR2967538",6.60768629595577,4.84681485743882,"3",13.1425710881612,"BP_like","BP2",8.55654437275644,0,0,"iSVZ"
"SRR2967539",14.1563935067963,0.932617749155165,"7",8.00586934921162,"AP_like","AP2",0,7.86832871367108,4.37391264639229,"VZ"
"SRR2967540",-2.66216742843157,2.86922128859442,"4",22.188055803554,"BP_like","BP1",5.29320492677423,0,0,"oSVZ"
"SRR2967541",-9.83904308253823,1.5807393154189,"4",29.4198277049725,"N_like","BP1",7.40101601632971,2.51905119411461,0,"oSVZ"
"SRR2967542",-4.70013372130658,2.42781038935454,"4",24.2646537947731,"BP_like","BP1",6.80794733587274,0,0,"oSVZ"
"SRR2967543",-19.0557471884341,-1.07251812924423,"5",39.1468380340174,"N_like","N1",7.57435889293394,0,0,"CP"
"SRR2967544",2.05484614582558,3.48705349750457,"4",17.4627705560438,"BP_like","BP1",7.10571997711885,0,0.172454232010799,"oSVZ"
"SRR2967545",14.2690905325472,0.271613777686646,"7",8.07879927551274,"AP_like","AP2",0,0,0,"VZ"
"SRR2967546",-5.68638970565531,2.70134082127808,"4",25.1970621216792,"BP_like","BP1",6.93439855243498,0,0,"oSVZ"
"SRR2967547",6.76294402527757,4.83012499922471,"3",13.1788291461206,"BP_like","BP2",7.21544563457482,0.249837288258587,0,"iSVZ"
"SRR2967548",-2.29788114597698,3.27984532671403,"4",21.770624376052,"BP_like","BP1",6.01005920625532,0,0,"oSVZ"
"SRR2967549",-10.6333386418788,1.4847193117977,"4",30.1939334337021,"N_like","BP1",8.88828967220137,0,0,"oSVZ"
"SRR2967550",13.8517109917256,-4.91117459993463,"1",0.4940156298965,"AP_like","AP1",0.503171631572836,0,6.26754328867775,"VZ"
"SRR2967551",13.8375234486401,-4.30526265047944,"1",1.0318379093696,"AP_like","AP1",3.41102348234273,4.92631734591663,8.37549128914474,"VZ"
"SRR2967552",-7.05846388519619,1.8443270744388,"4",26.6830365103705,"BP_like","BP1",0,0,0,"oSVZ"
"SRR2967553",-12.6611829359033,0.627233764921781,"5",32.5532189538816,"N_like","N1",7.46655371103137,0,0.361744782109098,"oSVZ"
"SRR2967554",14.4526174621754,0.312542461080109,"7",8.26445450170721,"AP_like","AP2",0,0,5.89497051116694,"VZ"
"SRR2967555",-7.0210568553638,2.45291401660764,"4",26.4976978197213,"BP_like","BP1",6.61075172943816,0,0,"oSVZ"
"SRR2967556",-0.189076759993576,3.25693214324288,"4",19.6886694840539,"BP_like","BP1",4.11160727354895,0,2.13964302712835,"oSVZ"
"SRR2967557",3.30825159536564,3.73055302823242,"4",16.2158600158047,"BP_like","BP1",2.06087055746218,0,0,"oSVZ"
"SRR2967558",14.032479534536,-4.44656055107805,"1",0.814060614773046,"AP_like","AP1",2.39316630207142,0,7.1283243367852,"VZ"
"SRR2967559",13.541416112301,-4.47352692098637,"1",1.02708254077935,"AP_like","AP1",0,2.53140641502552,7.98361499720167,"VZ"
"SRR2967560",-6.97667457585327,2.3086801083311,"4",26.4899920711875,"BP_like","BP1",6.91638109855597,0,0,"oSVZ"
"SRR2967561",-8.37871703946996,1.93613314975081,"4",27.9344975574843,"N_like","BP1",6.08070669026918,0,0,"oSVZ"
"SRR2967562",-6.92421046027214,2.24328535441128,"4",26.4816595367263,"BP_like","BP1",4.54625860817435,0.268608057495476,0,"oSVZ"
"SRR2967563",12.6029683929992,-1.71387697792972,"1",3.8970180514629,"AP_like","AP1",0.798206495791661,7.00481596433226,3.57473126266284,"VZ"
"SRR2967564",7.43072849307787,5.22415956283215,"3",13.7737328942253,"BP_like","BP2",7.21219966897768,0,0,"iSVZ"
"SRR2967565",14.7769948851453,0.406658110236868,"7",8.5939161328573,"AP_like","AP2",0,0,8.76678065430965,"iSVZ"
"SRR2967566",7.10767353268369,4.85518585800466,"3",13.3178650183054,"BP_like","BP2",6.75602251000576,0,1.10835717809042,"iSVZ"
"SRR2967567",13.3524531178005,-4.95347477923385,"1",0.697560010850422,"AP_like","AP1",1.45093408778932,0,7.34030411318018,"VZ"
"SRR2967568",3.30409991048369,3.74183082722192,"4",16.2197284542136,"BP_like","BP1",0.460813845053395,0,0.18302528648609,"oSVZ"
"SRR2967569",-19.9063993410379,-1.32733606173819,"5",40.0349326442861,"N_like","N1",7.67008259742398,0,0,"CP"
"SRR2967570",6.78835942667105,4.74319355175863,"3",13.1054052479724,"BP_like","BP2",4.30728279106001,0,0.0500526420640281,"iSVZ"
"SRR2967571",-6.31254011567273,2.24870723131241,"4",25.8802222535385,"BP_like","BP1",5.30504757201867,0,0,"oSVZ"
"SRR2967572",-7.85869718351677,1.80432582881756,"4",27.4675591637442,"N_like","BP1",0,0,0.179048549390064,"oSVZ"
"SRR2967573",7.84776197993439,3.22264754197832,"2",10.8376633645767,"BP_like","BP3",0,0,0,"iSVZ"
"SRR2967574",12.9581237573959,-2.95444351014502,"1",2.63375304744261,"AP_like","AP1",0.447532648716907,0,4.52843379372474,"VZ"
"SRR2967575",-6.91490629128185,2.26663013784221,"4",26.4684027907958,"BP_like","BP1",0,0,0,"oSVZ"
"SRR2967576",14.0750084586115,0.433653369846544,"7",7.89475992091082,"AP_like","AP2",0,0,8.79684430758516,"VZ"
"SRR2967577",0.688281574615422,3.25425599167782,"4",18.8279315783255,"BP_like","BP1",0,0,0,"oSVZ"
"SRR2967578",14.5587174219992,1.06798005446745,"7",8.41559681865251,"AP_like","AP2",0,0,4.54552981209559,"iSVZ"
"SRR2967579",-14.341479948851,-0.27124980390201,"5",34.3908256103399,"N_like","N1",0,0,0,"CP"
"SRR2967580",-7.0597865030259,2.30458566765871,"4",26.5715816471557,"BP_like","BP1",2.77353222575056,0,0,"oSVZ"
"SRR2967581",14.2156320102721,0.417832927066552,"7",8.03418800954782,"AP_like","AP2",0,0,7.31466933893579,"VZ"
"SRR2967582",14.9094527104783,1.25715020469581,"7",8.77706269166015,"AP_like","AP2",0,0,7.40404306481212,"iSVZ"
"SRR2967583",10.0762921345862,2.15652841032893,"2",8.39620075117947,"AP_like","BP3",0,0,0,"iSVZ"
"SRR2967584",14.2742687529971,-4.19977784497391,"1",0.913795199562069,"AP_like","AP1",9.01042460296581,0,5.00916350900213,"VZ"
"SRR2967585",14.5630964179007,0.66440877229825,"7",8.39580907899471,"AP_like","AP2",0.18548346685001,0,6.56927385715885,"iSVZ"
"SRR2967586",7.24068240768897,2.81642882224521,"2",11.2013908304133,"BP_like","BP3",0.274784068308351,0,7.1880447964217,"iSVZ"
"SRR2967587",-8.21735876712179,1.62321693654412,"4",27.8595002416887,"N_like","BP1",0,0,0,"oSVZ"
"SRR2967588",-3.276334473555,1.57015973644085,"4",22.9732572198291,"BP_like","BP1",0,0,4.99163068183198,"oSVZ"
"SRR2967589",-0.173915954284268,3.17887112194451,"4",19.6835862045435,"BP_like","BP1",0.276464506135499,0.344343351826765,0,"oSVZ"
"SRR2967590",3.62427626626432,2.9201171279075,"4",15.9186963732365,"BP_like","BP1",0.276337052158598,0,1.58772501964711,"oSVZ"
"SRR2967591",-15.1483811889243,0.0331950774230054,"5",35.0998046774372,"N_like","N1",2.95114760870533,0,0,"CP"
"SRR2967592",-6.4731520254111,2.37240204293931,"4",26.0175812989528,"BP_like","BP1",1.38359094575249,0.16057689431637,0,"oSVZ"
"SRR2967593",-0.970049366422481,2.79255008855667,"4",20.5220988842913,"BP_like","BP1",0,0.272793615446952,0,"oSVZ"
"SRR2967594",14.3142563156649,0.724658750456368,"7",8.15100566621895,"AP_like","AP2",7.88351085058259,7.97330130614614,5.31769841093005,"VZ"
"SRR2967595",13.9500548379536,0.660654398935554,"7",7.78361362920671,"AP_like","AP2",0,0,2.97435493040729,"VZ"
"SRR2967596",12.1400579556368,-1.72434855783977,"1",4.10052663755581,"AP_like","AP1",0,0,9.0444514981338,"VZ"
"SRR2967597",13.9065773422691,-4.30392197023802,"1",0.999731314703397,"AP_like","AP1",0,0,4.51877430943349,"VZ"
"SRR2967598",13.8786627568983,0.615193206194691,"7",7.7096270394925,"AP_like","AP2",0,0,0.545376347425763,"VZ"
"SRR2967599",7.29123385380996,2.83077892929748,"2",11.1624999590019,"BP_like","BP3",0,0,5.65915963597433,"iSVZ"
"SRR2967600",13.1319739771534,-2.25836077620541,"1",3.1684479431327,"AP_like","AP1",0,0,8.47457800187292,"VZ"
"SRR2967601",14.5710967893341,0.920030253940761,"7",8.41910023302085,"AP_like","AP2",0,0,2.46853639933204,"iSVZ"
"SRR2967602",13.3424421060599,-2.57472388389621,"1",2.7906320117015,"AP_like","AP1",0,0,5.17028563012583,"VZ"
"SRR2967603",14.4263193566229,0.567762263666761,"7",8.25347845586959,"AP_like","AP2",0,0,0,"VZ"
"SRR2967604",13.950252518587,0.690449243527763,"7",7.78559570163131,"AP_like","AP2",0,0,0,"VZ"
"SRR2967605",10.7920451656339,0.750319382630173,"2",7.09340452886708,"AP_like","BP3",2.91264220115817,0,0,"VZ"
"SRR2967606",13.0906305175578,0.6718031818161,"7",6.92639408006483,"AP_like","AP2",0,0,5.64889393114595,"VZ"
"SRR2967607",6.77970571185006,4.64345389141791,"3",13.0085170850647,"BP_like","BP2",0,0,3.38143427992715,"iSVZ"
"SRR2967608",15.2419573728316,0.305463215526407,"7",9.05202197871852,"AP_like","AP2",3.44830763312097,0,5.80300224372846,"iSVZ"
"SRR2967609",14.7851269337062,-4.70036856372823,"1",0.228853631013771,"AP_like","AP1",0,0,1.83789077929931,"VZ"
"SRR2967610",14.5989120761812,-4.68067948164803,"1",0.335869984769271,"AP_like","AP1",0.813962151533372,0,8.27413117906091,"VZ"
"SRR2967611",7.99720095810862,5.21856801928124,"3",13.9581078136327,"BP_like","BP2",0,0,0,"iSVZ"
"SRR2967612",13.8431889843771,-5.28726779549158,"1",0.16846987592853,"AP_like","AP1",0,0,7.66156434933973,"VZ"
"SRR2967613",14.4331385738203,-4.58721621686388,"1",0.49771111360351,"AP_like","AP1",2.68072267474218,0,8.34224804773953,"VZ"
"SRR2967614",14.4698236394041,-4.57298862746794,"1",0.492494209378488,"AP_like","AP1",0,0,6.62157718992597,"VZ"
"SRR2967615",14.2964262185619,-5.12143453819765,"1",0.0953661501648056,"AP_like","AP1",1.04664471597092,0,7.08614684279903,"VZ"
"SRR2967616",14.8017394340886,-4.58772629437631,"1",0.319576304621351,"AP_like","AP1",0,0,9.91020498411519,"VZ"
"SRR2967617",14.7665713290324,-4.53546742789535,"1",0.382341429546374,"AP_like","AP1",0,0,6.89933275191366,"VZ"
"SRR2967618",14.6713775056293,-4.47241907647399,"1",0.483489199162118,"AP_like","AP1",0,0,6.61523235839973,"VZ"
"SRR2967619",7.52019398588719,5.05329563652783,"3",13.6426690597036,"BP_like","BP2",7.90804429022489,0,0,"iSVZ"
"SRR2967620",14.5839333231445,-4.35054643431904,"1",0.632446905937566,"AP_like","AP1",2.34037141619038,0,6.51833684920503,"VZ"
"SRR2967621",8.22415976275672,5.05612830596248,"3",13.8810116798004,"BP_like","BP2",4.09471745098588,0,0,"iSVZ"
"SRR2967622",14.8182438257869,-4.37570981639581,"1",0.49746890433821,"AP_like","AP1",0,6.67284960165427,7.51222688651396,"VZ"
"SRR2967623",14.5589688841721,-4.40688928817757,"1",0.595104170989857,"AP_like","AP1",0,0,9.16163327412423,"VZ"
"SRR2967624",14.5757154408501,-4.54826851332504,"1",0.463119994085354,"AP_like","AP1",0,0,7.13357380013935,"VZ"
"SRR2967625",14.4150012182092,-4.60673492298739,"1",0.489339253453047,"AP_like","AP1",6.07165756905034,0,8.20256464799889,"VZ"
"SRR2967626",14.6763009314758,-4.42171933860311,"1",0.525559253358393,"AP_like","AP1",0,0,8.19515071056471,"VZ"
"SRR2967627",6.70719804920177,4.98250825352576,"3",13.3037763581753,"BP_like","BP2",7.93095609030752,0,1.72748050160355,"iSVZ"
"SRR2967628",15.2049782793062,1.03538526564815,"7",9.05880333079799,"AP_like","AP2",0,0,5.74930631457124,"iSVZ"
"SRR2967629",6.78706291183259,4.42595281753673,"3",12.806020431136,"BP_like","BP2",8.00097461698124,5.36720679596022,0,"iSVZ"
"SRR2967630",6.62989795856746,4.88373359098519,"3",13.1848076648971,"BP_like","BP2",5.7793516590423,0,0,"iSVZ"
"SRR2967631",14.4659258859112,-4.52479810125573,"1",0.536613799228644,"AP_like","AP1",0,0,7.72640891631263,"VZ"
"SRR2967632",14.3871900339548,-4.75078922444381,"1",0.376476031172696,"AP_like","AP1",1.56129680563397,0,8.32148620186277,"VZ"
"SRR2967633",14.5812244355228,0.291508691515215,"7",8.39158167454854,"AP_like","AP2",0,0,8.44901654707812,"iSVZ"
"SRR2967634",15.6523369647141,1.00075600554586,"7",9.50329680901187,"BP_like","AP2",0,0,6.8638641338615,"iSVZ"
"SRR2967635",14.5007237592688,1.45160734174961,"7",8.38066724613868,"AP_like","AP2",4.82217437391241,4.34065483780154,5.46628777600976,"iSVZ"
"SRR2967636",14.9262570578224,0.319046957939104,"7",8.73767740201865,"AP_like","AP2",0,0,4.63646801800987,"iSVZ"
"SRR2967637",14.9074321309208,0.676871884625181,"7",8.74030675302456,"AP_like","AP2",1.55350304537744,0,0,"iSVZ"
"SRR2967638",14.5444718694477,-4.87596114477678,"1",0.190952259800436,"AP_like","AP1",0,0,9.83689615143732,"VZ"
"SRR2967639",8.58766770454824,5.48967425361523,"3",14.4112459585844,"BP_like","BP2",4.2815202201894,0,0,"iSVZ"
"SRR2967640",6.97348246202908,5.04615933754621,"3",13.4529096051334,"BP_like","BP2",6.75888943272096,0,2.17434888855964,"iSVZ"
"SRR2967641",14.4950213234714,-4.77781628992129,"1",0.300804427505871,"AP_like","AP1",0,0,6.81707318912508,"VZ"
"SRR2967642",14.1643892638591,-5.01782747978805,"1",0.249805590868733,"AP_like","AP1",0,0,7.78705366555059,"VZ"
"SRR2967643",14.6119042139681,-4.39969738080652,"1",0.575895465452224,"AP_like","AP1",0,0,6.23212732145324,"VZ"
"SRR2967644",7.10658899396184,4.95229793413735,"3",13.4090184713241,"BP_like","BP2",4.75325686992001,0,0,"iSVZ"
"SRR2967645",15.1505436214182,0.990644646581669,"7",9.00178441654966,"AP_like","AP2",0.963474123974886,4.84008047865681,5.91215403290017,"iSVZ"
"SRR2967646",6.73063167901832,4.79631905568832,"3",13.1361432372231,"BP_like","BP2",7.82035769232217,0,0,"iSVZ"
"SRR2967647",14.7235810908455,0.714139676359048,"7",8.55900015787693,"AP_like","AP2",1.49569516262407,0.746310186342602,8.59026142440583,"iSVZ"
"SRR2967648",7.20951898921182,5.13675486884793,"3",13.6173106829498,"BP_like","BP2",5.76395593509211,0,0,"iSVZ"
"SRR2967649",7.62741423723591,4.97515162173734,"3",13.6049240665596,"BP_like","BP2",7.05752608749873,0,0,"iSVZ"
"SRR2967650",14.1045618170229,-4.6840452380344,"1",0.571211222736174,"AP_like","AP1",0,0,7.88097320307306,"VZ"
"SRR2967651",14.9289500986631,-4.37660706794748,"1",0.443315367672927,"AP_like","AP1",0,0,8.11781969411411,"VZ"
"SRR2967652",15.0541915506302,0.507573566196441,"7",8.87668369923955,"AP_like","AP2",0,0,7.5257791790998,"iSVZ"
"SRR2967653",14.6369791114809,-4.55576744519534,"1",0.427014240960161,"AP_like","AP1",0,0,7.07733914690867,"VZ"
"SRR2967654",14.7020251734944,-4.64264312448017,"1",0.319504229814111,"AP_like","AP1",0,0,6.40892750201028,"VZ"
"SRR2967655",14.6943527824642,-4.5094031390656,"1",0.439998715436403,"AP_like","AP1",4.11467518901482,0,6.77441810410581,"VZ"
"SRR2967656",14.2915307464385,-4.78083754136656,"1",0.396253160890779,"AP_like","AP1",0,0,9.44669666443632,"VZ"
"SRR2967657",7.0245318579525,5.16215184954061,"3",13.5793126290272,"BP_like","BP2",7.43643671690714,1.00151403506355,0,"iSVZ"
"SRR2967658",14.7174480400517,-4.56588578546366,"1",0.3793575319271,"AP_like","AP1",0,4.35227123661944,7.72381109291049,"VZ"
"SRR2967659",14.5412535881795,-4.70887481153525,"1",0.338949346518017,"AP_like","AP1",0,0.626185854315552,6.49533700237943,"VZ"
"SRR2967660",6.66306012106118,4.94893104219571,"3",13.2573546891282,"BP_like","BP2",7.91272769744047,0,2.32073016079198,"iSVZ"
"SRR2967661",7.0239852343812,4.62241737523804,"3",13.070472655478,"BP_like","BP2",5.63066174144367,5.21415201109117,3.26093044495822,"iSVZ"
"SRR2967662",6.25732143071075,5.0051706168752,"3",13.1745113745327,"BP_like","BP2",6.45947752184014,0,0,"iSVZ"
"SRR2967663",7.06320023894018,4.53849369442746,"3",13.004513650994,"BP_like","BP2",7.74777004444254,7.10004203075152,0,"iSVZ"
"SRR2967664",14.6224442982078,-4.60645505424107,"1",0.389592460201335,"AP_like","AP1",0,0,6.9408949631851,"VZ"
"SRR2967665",14.4798792717118,0.802246641703248,"7",8.32098590554035,"AP_like","AP2",2.96119175161722,6.74807206076225,8.23354298661292,"iSVZ"
"SRR2967666",7.35910677561616,5.27255323692645,"3",13.7953621731706,"BP_like","BP2",6.5139107335754,0,0,"iSVZ"
"SRR2967667",13.8929646935178,-5.28717396769751,"1",0.144562837338715,"AP_like","AP1",0,0,7.50451711207942,"VZ"
"SRR2967668",14.2628328537359,-5.0368227516267,"1",0.185710289027125,"AP_like","AP1",0,2.63251950178234,8.66727124117386,"VZ"
"SRR2967669",14.7734430223271,-4.40577287287857,"1",0.492710976373809,"AP_like","AP1",0,0,7.38242516950915,"VZ"
"SRR2967670",13.9995937935683,0.991568420023874,"7",7.85287463110692,"AP_like","AP2",5.77845040733805,7.07089375358789,0,"VZ"
"SRR2967671",14.4231649660303,1.14867254371231,"7",8.28510776951628,"AP_like","AP2",8.82373344065122,6.50615125173804,0,"iSVZ"
"SRR2967672",14.6444014198889,-4.67070700272975,"1",0.322683273866986,"AP_like","AP1",0,0,6.38722121487578,"VZ"
"SRR2967673",14.9720522999315,0.394599928878547,"7",8.78791928309603,"AP_like","AP2",0,0,8.52570089004515,"iSVZ"
"SRR2967674",14.8711331078279,-4.37438592896401,"1",0.473131930777831,"AP_like","AP1",2.75475284434219,0,7.62929104154186,"VZ"
"SRR2967675",7.05138330262045,4.92439103072027,"3",13.3642374006842,"BP_like","BP2",7.73127829553117,0,0.66764147634159,"iSVZ"
"SRR2967676",13.9299538266002,-5.03503730848613,"1",0.347727000546414,"AP_like","AP1",0,0,8.529001000476,"VZ"
"SRR2967677",7.29407887012208,5.05452718052307,"3",13.5681281664038,"BP_like","BP2",7.80373075495798,0,0,"iSVZ"
"SRR2967678",8.00595781535251,5.39066213252326,"3",14.1232091544047,"BP_like","BP2",8.04891185469019,0,0,"iSVZ"
"SRR2967679",14.5141750436111,-4.81530785690093,"1",0.258713223477572,"AP_like","AP1",0,0,7.7167440243229,"VZ"
"SRR2967680",14.2172010960977,-4.31367323376005,"1",0.841492211270898,"AP_like","AP1",6.45859198815186,0,7.56241797960253,"VZ"
"SRR2967681",15.3557005224063,0.789651046659122,"7",9.19455067399602,"BP_like","AP2",0,0,8.1836304194869,"iSVZ"
"SRR2967682",14.5063375957832,0.636576886549206,"7",8.33748108302776,"AP_like","AP2",1.99892479162967,0.639359985461823,7.65562373955208,"iSVZ"
"SRR2967683",14.0019121190718,1.07832029199365,"7",7.86038297493518,"AP_like","AP2",6.7574233468218,6.00503837035,3.15165427975436,"VZ"
"SRR2967684",14.6940259022779,-4.65990313486257,"1",0.30823245076705,"AP_like","AP1",0,1.01611830281732,8.83232041685226,"VZ"
"SRR2967685",14.3379351816634,-4.50357882366409,"1",0.616892098964888,"AP_like","AP1",0,0,8.66119021336333,"VZ"
"SRR2967686",14.9008976205778,-4.40049839542291,"1",0.435896043108998,"AP_like","AP1",0,0,7.27468098840457,"VZ"
"SRR2967687",14.539487937572,-4.75690954314148,"1",0.297694072485423,"AP_like","AP1",0,0,7.60493863754122,"VZ"
"SRR2967688",6.42256409563312,5.17876143099094,"3",13.3934315143136,"BP_like","BP2",7.7639891211699,0,0,"iSVZ"
"SRR2967689",7.74959827619726,2.56186865019485,"2",10.6322385659882,"BP_like","BP3",4.86716999285868,0,7.83152260261822,"iSVZ"
"SRR2967690",14.5525783523243,-4.59933384194815,"1",0.429512439609192,"AP_like","AP1",0.435365098142416,0,9.12367395530515,"VZ"
"SRR2967691",14.4594449143069,-4.97201961642567,"1",0.147744113559745,"AP_like","AP1",3.09463469864391,0,8.97309462289202,"VZ"
"SRR2967692",6.54715427570479,4.88612182829014,"3",13.1593503014794,"BP_like","BP2",6.0260696760816,0,1.52956111311572,"iSVZ"
"SRR2967693",14.0050911756064,-4.9664238934155,"1",0.371649709505402,"AP_like","AP1",0,0,4.64517132804008,"VZ"
"SRR2967694",14.1895347283386,-5.09005224083187,"1",0.174385050257798,"AP_like","AP1",0,0,7.69687018448984,"VZ"
"SRR2967695",14.4149823877615,-4.56688348117723,"1",0.524281409929255,"AP_like","AP1",0,0,8.68358768671851,"VZ"
"SRR2967696",14.9205965679583,0.792255545021336,"7",8.76035564877001,"AP_like","AP2",6.65089664696305,0,0,"iSVZ"
"SRR2967697",13.462886044636,-5.56678445457874,"1",0.106793453775184,"AP_like","AP1",0.623313457368178,0,7.77567611816387,"VZ"
"SRR2967698",14.0887562120213,-4.5989892529933,"1",0.653365735586706,"AP_like","AP1",2.59033134651612,0,9.2514753095607,"VZ"
"SRR2967699",7.85098560634334,5.11897881369163,"3",13.81531025737,"BP_like","BP2",9.01647960543209,0,0,"iSVZ"
"SRR2967700",14.506689664571,-4.51265552451949,"1",0.52760944704493,"AP_like","AP1",0,0,8.55572030957348,"VZ"
"SRR2967701",13.9644901163937,-5.12544204744031,"1",0.251837629741405,"AP_like","AP1",0,0,9.06452452546505,"VZ"
"SRR2967702",14.5215047703633,-4.70331592772981,"1",0.353345337838176,"AP_like","AP1",0,0,7.43909117035312,"VZ"
"SRR2967703",14.4339529667333,-4.94858059853112,"1",0.180571164467449,"AP_like","AP1",1.17367753601108,0,9.31617063798318,"VZ"
"SRR2967704",15.0778714300193,0.823640097700148,"7",8.91924322943148,"AP_like","AP2",0,0,5.52353059278044,"iSVZ"
"SRR2967705",14.0474944407579,-4.98863994075962,"1",0.331732812317782,"AP_like","AP1",1.90939678330457,0,7.85632592164594,"VZ"
"SRR2967706",14.6413840281756,0.368893966384487,"7",8.45627306565664,"AP_like","AP2",1.22121511414321,0,4.55269061291237,"iSVZ"
"SRR2967707",14.5169070274456,-4.82307932268535,"1",0.250584602967017,"AP_like","AP1",1.43391554374854,0,8.66361147049438,"VZ"
"SRR2967708",7.62897976369554,5.02167840162158,"3",13.6492942176988,"BP_like","BP2",9.54749610026649,0,1.3105029963417,"iSVZ"
"SRR2967709",14.1926737281409,-5.03170475668356,"1",0.224008822835637,"AP_like","AP1",0,0,7.94496968829531,"VZ"
"SRR2967710",8.32601930967381,5.09409907377738,"3",13.9508937455599,"BP_like","BP2",8.06644443728626,4.52573690353794,0.290180198510082,"iSVZ"
"SRR2967711",14.9042360266044,-4.63438582983531,"1",0.229277508655596,"AP_like","AP1",0,0,6.70825622323128,"VZ"
"SRR2967712",13.6942698072492,-5.1909975473809,"1",0.32462670707006,"AP_like","AP1",1.12264621672004,0,6.66099419864678,"VZ"
"SRR2967713",14.2021171554006,-4.9747129626133,"1",0.269412936021147,"AP_like","AP1",0,0,8.35448742351976,"VZ"
"SRR2967714",6.88133913659447,4.54084213739205,"3",12.9458420973387,"BP_like","BP2",8.75498100714516,0,7.44571842795547,"iSVZ"
"SRR2967715",8.04869229145674,4.81139569198827,"3",13.5916413920425,"BP_like","BP2",3.1441883473233,0.440613138139976,4.07435129404382,"iSVZ"
"SRR2967716",14.3399933313592,-4.8796637916956,"1",0.286261450144459,"AP_like","AP1",0,0,6.81528081439061,"VZ"
"SRR2967717",14.7886263666207,-4.55451915944578,"1",0.35500990674524,"AP_like","AP1",0,0,7.88028757841996,"VZ"
"SRR2967718",14.8286424739715,0.726963428507184,"7",8.66465189922064,"AP_like","AP2",5.9694245130107,6.71825201551371,2.20544256225305,"iSVZ"
"SRR2967719",14.5906020754265,0.543737997756778,"7",8.41604457280517,"AP_like","AP2",6.87356715162175,2.17849156782231,0,"iSVZ"
"SRR2967720",14.2264772029251,-4.92174745041171,"1",0.304091253648856,"AP_like","AP1",0,0,7.14129994372953,"VZ"
"SRR2967721",14.4359475549911,-4.87514718239225,"1",0.243970260873843,"AP_like","AP1",0,0,9.00347855895508,"VZ"
"SRR2967722",6.82794742937323,5.01998826653471,"3",13.3795232259823,"BP_like","BP2",8.37408746006297,0,0,"iSVZ"
"SRR2967723",14.4483850311117,0.492900425025155,"7",8.27102706621851,"AP_like","AP2",0.463643380486108,0,2.45417852583858,"VZ"
"SRR2967724",1.52386867219733,3.77249078594821,"4",17.9636296719662,"BP_like","BP1",7.74840756031514,0,0,"oSVZ"
"SRR2967725",15.6091216764404,1.16417194853605,"7",9.46993980341265,"BP_like","AP2",0,0,2.96148257068491,"iSVZ"
"SRR2967726",14.7479587211626,-4.82600707266215,"1",0.136655766053424,"AP_like","AP1",0,0,7.66962918039576,"VZ"
"SRR2967727",14.4923342341106,-4.90683427605479,"1",0.18902240123609,"AP_like","AP1",0.805160357303391,0,6.55440313110712,"VZ"
"SRR2967728",7.84950957893046,5.31707794804041,"3",14.001495632752,"BP_like","BP2",8.34241251695245,0,0,"iSVZ"
"SRR2967729",14.6185979999278,-4.79165802999486,"1",0.229108974310878,"AP_like","AP1",0,0.525668007375278,9.09776089398994,"VZ"
"SRR2967730",14.555770902538,0.319274212220241,"7",8.36783334691255,"AP_like","AP2",0.784213320746246,0,8.60569803554898,"iSVZ"
"SRR2967731",2.00691331615412,3.47242916417591,"4",17.5114309922982,"BP_like","BP1",7.33585480093028,0,0,"oSVZ"
"SRR2967732",14.3928188856382,-4.61023159841414,"1",0.496970560153459,"AP_like","AP1",0,0,0,"VZ"
"SRR2967733",7.9809764493037,4.96905173762881,"3",13.717541505995,"BP_like","BP2",7.77828743876744,1.32371592851016,0.300775060516194,"iSVZ"
"SRR2967734",13.9449076500299,-4.89746431468459,"1",0.461107878025737,"AP_like","AP1",0,0.636200942476244,4.94405724658395,"VZ"
"SRR2967735",6.99886126501924,5.01738623014192,"3",13.4342911266733,"BP_like","BP2",8.95963396894189,0,0,"iSVZ"
"SRR2967736",8.29820573127126,5.17631538888194,"3",14.0190606172269,"BP_like","BP2",6.87857822027656,0,1.22188945139948,"iSVZ"
"SRR2967737",14.5072458428546,-4.76198427778847,"1",0.308790141077935,"AP_like","AP1",1.42892491181487,0,7.59846198128186,"VZ"
"SRR2967738",14.8925008112393,-4.59690078141692,"1",0.267789463977387,"AP_like","AP1",0.417664057920012,0,7.46011182012735,"VZ"
"SRR2967739",7.75385430339563,5.18281193658492,"3",13.842946165607,"BP_like","BP2",9.18550483534928,0,0,"iSVZ"
"SRR2967740",6.93741441606783,5.15724325464489,"3",13.5455189881792,"BP_like","BP2",8.97660994525966,0,0,"iSVZ"
"SRR2967741",14.1470291416181,-5.01589581471445,"1",0.259868506985024,"AP_like","AP1",5.98154901621219,0,8.36094362632095,"VZ"
"SRR2967742",7.22441320334218,2.89153837098792,"2",11.2493767798484,"BP_like","BP3",5.57043560699758,6.24332062620892,6.68375258920821,"iSVZ"
"SRR2967743",8.19568097177146,2.67230417873173,"2",10.2855647743623,"BP_like","BP3",7.69741243344546,6.36351453505228,0.296931913591309,"iSVZ"
"SRR2967744",14.4594663943141,-4.7487983437731,"1",0.343380168473032,"AP_like","AP1",2.37332247206552,0,7.69554150852693,"VZ"
"SRR2967745",14.0666713723864,-5.22479568784803,"1",0.115511849645682,"AP_like","AP1",0,0,9.0022440116031,"VZ"
"SRR2967746",6.64517383089512,4.7096650998869,"3",13.0258737103201,"BP_like","BP2",8.79398364296108,0,0,"iSVZ"
"SRR2967747",14.4955588852591,-5.07033813619608,"1",0.0441811400128545,"AP_like","AP1",0,0,6.82617982207454,"VZ"
"SRR2967748",13.5535348176795,-4.84620882893948,"1",0.694653896051041,"AP_like","AP1",0,0,9.08778104770847,"VZ"
"SRR2967749",14.5090235077543,-4.77313972032758,"1",0.29815372726145,"AP_like","AP1",0,0,8.16190279432681,"VZ"
"SRR2967750",14.4926055358816,0.395561343296731,"7",8.30934406183738,"AP_like","AP2",0,0.430948920629248,0.841176096526681,"iSVZ"
"SRR2967751",14.014183665588,-5.38548119491417,"1",0,"AP_like","AP1",1.55253938360166,0,8.23100992204362,"VZ"
"SRR2967752",14.3331999554986,-5.0696545482718,"1",0.12302137573954,"AP_like","AP1",0,0,7.71570121800128,"VZ"
"SRR2967753",14.9365724146695,-4.66859025862696,"1",0.183713029519932,"AP_like","AP1",0,0,8.68476965591893,"VZ"
"SRR2967754",14.4404864192205,0.33803907453424,"7",8.25387019467349,"AP_like","AP2",0,0,6.31548290633297,"VZ"
"SRR2967755",14.6863975710591,-4.61946348262791,"1",0.347359303610763,"AP_like","AP1",0,0,5.97904442794233,"VZ"
"SRR2967756",14.2761855198365,-4.81183266312466,"1",0.376478504160035,"AP_like","AP1",0,0,6.52793828194386,"VZ"
"SRR2967757",14.6254482123951,1.09744922672674,"7",8.4839806181046,"AP_like","AP2",0,2.4067026440554,0.28519741561468,"iSVZ"
"SRR2967758",15.0478561681492,-4.42663517103625,"1",0.34214278000954,"AP_like","AP1",0,0,6.99020609794419,"VZ"
"SRR2967759",14.9330290299804,-4.36283000152731,"1",0.453425587642854,"AP_like","AP1",0,0,8.02780649692911,"VZ"
"SRR2967760",8.51032731995954,5.39080202250042,"3",14.2921854387391,"BP_like","BP2",6.91373913857753,0.413993692578406,0,"iSVZ"
"SRR2967761",8.26090390596999,5.09254762031827,"3",13.9276313952199,"BP_like","BP2",8.50186504357204,0,0.303356423868461,"iSVZ"
"SRR2967762",14.4482120586936,-4.63789581353932,"1",0.446019037315055,"AP_like","AP1",0,0,7.67938860862628,"VZ"
"SRR2967763",16.1375136448963,1.49248760097893,"7",10.0170457847275,"BP_like","AP2",0,0,10.0370938958061,"iSVZ"
"SRR2967764",0.676196956139462,3.58409604064788,"4",18.8081223418088,"BP_like","BP1",9.08517764921893,0,2.39372370832223,"oSVZ"
"SRR2967765",14.887184309954,-4.43451312816631,"1",0.412692812437258,"AP_like","AP1",0.480599126755917,0,9.67344865595961,"VZ"
"SRR2967766",14.5678132943331,-4.67927372172224,"1",0.352096072643081,"AP_like","AP1",1.85097539958901,0,8.76185702478967,"VZ"
"SRR2967767",13.8682538400904,-5.30942917961828,"1",0.136968144376502,"AP_like","AP1",0,0,8.98993088681434,"VZ"
"SRR2967768",14.5297670915364,-4.47142769388819,"1",0.552617072809099,"AP_like","AP1",0.715034085322536,0,5.32126430248459,"VZ"
"SRR2967769",7.80393756437515,2.60114503637109,"2",10.601781721194,"BP_like","BP3",7.02793916159192,7.91991804588224,1.56212272900062,"iSVZ"
"SRR2967770",14.0284621268744,-4.88980170628829,"1",0.42754844010636,"AP_like","AP1",0,0,0,"VZ"
"SRR2967771",14.6782331008761,-4.5742975949605,"1",0.390888302975385,"AP_like","AP1",0.674155990178035,0,2.30936830114496,"VZ"
"SRR2967772",14.6493965825359,0.389837727419795,"7",8.46552617518603,"AP_like","AP2",0.263361379654095,0,6.6876206320849,"iSVZ"
"SRR2967773",14.6001631235918,0.624609595637781,"7",8.43043189684276,"AP_like","AP2",3.16333448756099,0.23106001235101,8.71664800788143,"iSVZ"
"SRR2967774",14.790793445527,-4.31338846537576,"1",0.565318633605491,"AP_like","AP1",0,0,1.73833982782179,"VZ"
"SRR2967775",14.3060277297755,-4.9797310648621,"1",0.214926909216568,"AP_like","AP1",0,0,5.86323476683399,"VZ"
"SRR2967776",14.6688794758906,0.296918519174755,"7",8.47941325453738,"AP_like","AP2",5.68077161299939,0,6.65605439884875,"iSVZ"
"SRR2967777",13.8774162177624,-4.8866417731089,"1",0.503130611893638,"AP_like","AP1",0,0,7.20072208779512,"VZ"
"SRR2967778",6.9297879358771,4.89162885167717,"3",13.2926529652259,"BP_like","BP2",8.42060029755801,0,0.814017953310434,"iSVZ"
"SRR2967779",14.2266691310749,-4.82075328517692,"1",0.392531127250781,"AP_like","AP1",7.60539802849224,0.192026209388621,5.75527484049709,"VZ"
"SRR2967780",14.9813106031272,0.83409835273021,"7",8.82347169106591,"AP_like","AP2",3.84718516226996,0,5.88448802974188,"iSVZ"
"SRR2967781",14.7102206167436,0.381426638021339,"7",8.52574260072056,"AP_like","AP2",1.5402207401447,0,7.76141161003933,"iSVZ"
"SRR2967782",14.6275694601703,-4.52588837574731,"1",0.457740897659452,"AP_like","AP1",1.74937979985679,0,8.44107673469862,"VZ"
"SRR2967783",4.17505425704446,3.28566373963822,"4",15.3617898433613,"BP_like","BP1",5.75116911049836,6.83838455835769,1.09870925353664,"oSVZ"
"SRR2967784",14.958345773501,0.173861220974266,"7",8.7610215144077,"AP_like","AP2",1.48420517177279,0,8.4826547063469,"iSVZ"
"SRR2967785",0.23225072785746,3.4642749367653,"4",19.2481893388877,"BP_like","BP1",9.13047274965641,0,0,"oSVZ"
"SRR2967786",15.3278136480971,0.860454419628535,"7",9.170949600441,"AP_like","AP2",2.18260014004376,0.227142189990109,2.22063951287686,"iSVZ"
"SRR2967787",6.79050105956842,4.7623616053791,"3",13.1241855469234,"BP_like","BP2",7.85418894139438,0,0.687479098830556,"iSVZ"
"SRR2967788",14.8159851808303,0.633247166660981,"7",8.64640624144382,"AP_like","AP2",8.03737673061382,0,4.20038664552056,"iSVZ"
"SRR2967789",14.1246084380349,-4.88630848529688,"1",0.384265480996665,"AP_like","AP1",0,0,7.46539498531407,"VZ"
"SRR2967790",15.0960996136407,1.11308399394105,"7",8.9547659809816,"AP_like","AP2",4.77495042403649,0,8.61573261725984,"iSVZ"
"SRR2967791",14.8166193770095,0.398215232039914,"7",8.63296789166974,"AP_like","AP2",0,0,8.62645008828814,"iSVZ"
"SRR2967792",14.8578854889141,-4.36401027677944,"1",0.488609642354169,"AP_like","AP1",1.83783427898999,0,6.75412587877914,"VZ"
"SRR2967793",14.1902217255342,-5.01214736203563,"1",0.242332319300473,"AP_like","AP1",1.37633484166715,0,4.84739064689792,"VZ"
"SRR2967794",8.16935132096303,4.98165708952235,"3",13.7924846193891,"BP_like","BP2",6.79230877344294,8.43122596339994,0,"iSVZ"
"SRR2967795",14.6805870011439,0.375081878994525,"7",8.49578109234804,"AP_like","AP2",0,0,5.88062430981438,"iSVZ"
"SRR2967796",15.3388070946085,0.944105961090685,"7",9.18693192428204,"AP_like","AP2",0,0,8.70007553040082,"iSVZ"
"SRR2967797",14.1905698550539,-4.7571710616252,"1",0.465663242052377,"AP_like","AP1",0,0,5.93631756624875,"VZ"
"SRR2967798",15.1591090460897,0.982513962309923,"7",9.00984901807472,"AP_like","AP2",0,0,7.80219321694183,"iSVZ"
"SRR2967799",14.7414893958306,0.417879335489786,"7",8.55914353785756,"AP_like","AP2",0,0,10.2253520607761,"iSVZ"
"SRR2967800",14.8153784960516,0.43502651818633,"7",8.63393398405537,"AP_like","AP2",0,0,7.83643544325425,"iSVZ"
"SRR2967801",11.4609267680204,1.10366635027348,"2",6.67657278408383,"AP_like","BP3",4.59680994441014,7.66973546279798,0.29995264155153,"VZ"
"SRR2967802",14.9953704973633,0.608265672252588,"7",8.82398933827447,"AP_like","AP2",0,0.3168095768993,6.27595313324529,"iSVZ"
"SRR2967803",15.0233922999335,0.666458599027846,"7",8.85544677499376,"AP_like","AP2",5.31290836101106,0,4.38814130872205,"iSVZ"
"SRR2967804",15.376455333962,1.21373185380961,"7",9.24065608124898,"BP_like","AP2",4.26975880116303,0,0.214287721197304,"iSVZ"
"SRR2967805",15.0791119941417,0.729891182743957,"7",8.9148685527003,"AP_like","AP2",0,0,6.08829003210202,"iSVZ"
"SRR2967806",14.737755172557,0.379134372421336,"7",8.55309427681882,"AP_like","AP2",0,0,6.98555735370211,"iSVZ"
"SRR2967807",15.0122646508348,1.00049164784478,"7",8.86433542692936,"AP_like","AP2",0,1.24040592611104,7.25022260927865,"iSVZ"
"SRR2967808",15.0274586939566,0.762170256559562,"7",8.86523761907285,"AP_like","AP2",0,0,8.86202357799578,"iSVZ"
"SRR2967809",14.9737363891157,0.928603174358786,"7",8.8215668507399,"AP_like","AP2",0,0,7.07545775626114,"iSVZ"
"SRR2967810",7.46036288281837,4.93332014437043,"3",13.5095731065321,"BP_like","BP2",7.69966267312664,0,0.774215665577309,"iSVZ"
"SRR2967811",14.6733665306844,-4.54422586446979,"1",0.419592118448764,"AP_like","AP1",0,0,4.16519644199483,"VZ"
"SRR2967812",14.7860302728318,0.42264254490656,"7",8.60389337789479,"AP_like","AP2",7.32385641023094,0,7.10195466704688,"iSVZ"
"SRR2967813",14.9052912673409,-4.31745304484967,"1",0.506573838561479,"AP_like","AP1",0,0,5.41105671118711,"VZ"
"SRR2967814",14.7501025853154,0.383625083274682,"7",8.56569207020103,"AP_like","AP2",1.8031898317851,0,8.51731113015255,"iSVZ"
"SRR2967815",14.9297420841445,0.258758800405886,"7",8.73754611285803,"AP_like","AP2",0,0,9.39352560321432,"iSVZ"
"SRR2967816",13.0990495669075,0.636754941569132,"7",6.93270129253778,"AP_like","AP2",7.31944632940715,0,6.95399850799128,"VZ"
"SRR2967817",14.9037724974036,0.656341736208675,"7",8.73542104441874,"AP_like","AP2",1.13963320511453,0,0.159856486022932,"iSVZ"
"SRR2967818",14.7270383079011,0.497849355028823,"7",8.54950163366407,"AP_like","AP2",0,0,6.74965493414116,"iSVZ"
"SRR2967819",14.7052121453463,0.794743066128851,"7",8.54548533494663,"AP_like","AP2",1.76449478255154,0,5.55364311607809,"iSVZ"
"SRR2967820",7.2099999765509,2.55319842959065,"2",11.1117636431826,"BP_like","BP3",7.87170198348577,7.30452929441515,6.4262530117877,"iSVZ"
"SRR2967821",14.4683875036686,-4.74168640181102,"1",0.345314345415068,"AP_like","AP1",0,0,7.42148420647325,"VZ"
"SRR2967822",14.2541805624529,-4.83826578715936,"1",0.363915345501809,"AP_like","AP1",1.08138053504893,0,6.34890339120653,"VZ"
"SRR2967823",15.0230237915693,0.664828177932,"7",8.85498009446395,"AP_like","AP2",0,0,8.18067500748345,"iSVZ"
"SRR2967824",14.8732292867919,-4.48252200776482,"1",0.377336387293772,"AP_like","AP1",0,0,8.36911745859982,"VZ"
"SRR2967825",5.08472547924428,3.01692014774195,"4",14.4552024937569,"BP_like","BP1",8.31512238407175,7.0566377151132,1.15019570759408,"iSVZ"
"SRR2967826",15.2853940917647,0.440213062850589,"7",9.10344936234728,"AP_like","AP2",1.42351363145624,0,6.71311840136957,"iSVZ"
"SRR2967827",14.5286905941521,-4.80277032232426,"1",0.262706958206099,"AP_like","AP1",0,0,4.81513476578376,"VZ"
"SRR2967828",14.3401467318527,-4.82689306104724,"1",0.33244226485448,"AP_like","AP1",0.288812120283414,0,5.62186725985977,"VZ"
"SRR2967829",14.7973789492023,-4.48694819167918,"1",0.410020537898516,"AP_like","AP1",1.68991189619847,0.322019270332833,7.46314832442483,"VZ"
"SRR2967830",14.5733732013981,-4.61971840687757,"1",0.401622756253326,"AP_like","AP1",0,0,7.63563106633824,"VZ"
"SRR2967831",14.2903259433406,-5.04651321749374,"1",0.163964756121584,"AP_like","AP1",0,0,7.1643538713639,"VZ"
"SRR2967832",14.7168651890661,-4.76532281246544,"1",0.204827779787997,"AP_like","AP1",0,0.174947088142346,8.19381116075549,"VZ"
"SRR2967833",14.6428773155656,-4.36921162888522,"1",0.587684492777443,"AP_like","AP1",1.05868361736202,0,9.21942992473903,"VZ"
